COD_UN_NEGOCIO;COD_FRANQUIA;COD_MATERIAL;DES_MATERIAL;DES_CATEGORIA;COD_CUPOM;COD_PDV;DT_VENDA;COD_CANAL_VENDA;QT_ITEM;VLR_VENDA;
EUD;3000;1643;COMB EUD SENS VELV CREM/SAB LIQ;GIFTS;23727;1;02/02/2020;VD;1;39,80;
EUD;3002;1643;COMB EUD SENS VELV CREM/SAB LIQ;GIFTS;257323;1;18/02/2020;VD;1;73,28;
EUD;3003;1643;COMB EUD SENS VELV CREM/SAB LIQ;GIFTS;638148;1;05/03/2020;VD;1;148,70;
EUD;3004;1643;COMB EUD SENS VELV CREM/SAB LIQ;GIFTS;142725;1;21/03/2020;VD;1;9,95;
EUD;3006;1643;COMB EUD SENS VELV CREM/SAB LIQ;GIFTS;297819;1;06/04/2020;VD;1;118,67;
EUD;3007;1643;COMB EUD SENS VELV CREM/SAB LIQ;GIFTS;3616;2;22/04/2020;VD;1;91,70;
EUD;3008;1643;COMB EUD SENS VELV CREM/SAB LIQ;GIFTS;5974;2;08/05/2020;VD;1;15,23;
EUD;3003;1643;COMB EUD SENS VELV CREM/SAB LIQ;GIFTS;23727;1;29/04/2020;VD;1;73,00;
EUD;3003;1643;COMB EUD SENS VELV CREM/SAB LIQ;GIFTS;12616;1;13/04/2020;VD;1;264,50;
EUD;3004;1643;COMB EUD SENS VELV CREM/SAB LIQ;GIFTS;13783;1;28/03/2020;VD;1;58,95;
EUD;3005;1643;COMB EUD SENS VELV CREM/SAB LIQ;GIFTS;41230;1;12/03/2020;VD;1;469,50;
EUD;3007;1643;COMB EUD SENS VELV CREM/SAB LIQ;GIFTS;113287;1;25/02/2020;VD;1;13,68;
EUD;3008;1643;COMB EUD SENS VELV CREM/SAB LIQ;GIFTS;20260;3;09/02/2020;VD;1;210,50;
BBX;4000;1643;COMB EUD SENS VELV CREM/SAB LIQ;GIFTS;23727;1;02/02/2020;LOJ;1;39,80;
BBX;4002;1643;COMB EUD SENS VELV CREM/SAB LIQ;GIFTS;257323;1;18/02/2020;LOJ;1;73,28;
BBX;4003;1643;COMB EUD SENS VELV CREM/SAB LIQ;GIFTS;638148;1;05/03/2020;VD;1;148,70;
BBX;4004;1643;COMB EUD SENS VELV CREM/SAB LIQ;GIFTS;142725;1;21/03/2020;LOJ;1;61,70;
BBX;4006;1643;COMB EUD SENS VELV CREM/SAB LIQ;GIFTS;297819;1;06/04/2020;VD;1;118,67;
BBX;4007;1643;COMB EUD SENS VELV CREM/SAB LIQ;GIFTS;3616;2;22/04/2020;LOJ;1;91,70;
BBX;4008;1643;COMB EUD SENS VELV CREM/SAB LIQ;GIFTS;5974;2;08/05/2020;LOJ;1;15,23;
BBX;4004;1643;COMB EUD SENS VELV CREM/SAB LIQ;GIFTS;23727;1;29/04/2020;LOJ;1;73,00;
BBX;4003;1643;COMB EUD SENS VELV CREM/SAB LIQ;GIFTS;12616;1;13/04/2020;LOJ;1;264,50;
BBX;4004;1643;COMB EUD SENS VELV CREM/SAB LIQ;GIFTS;13783;1;28/03/2020;LOJ;1;58,95;
BBX;4005;1643;COMB EUD SENS VELV CREM/SAB LIQ;GIFTS;41230;1;12/03/2020;LOJ;1;469,50;
BBX;4007;1643;COMB EUD SENS VELV CREM/SAB LIQ;GIFTS;113287;1;25/02/2020;LOJ;1;17,45;
BBX;4008;1643;COMB EUD SENS VELV CREM/SAB LIQ;GIFTS;20260;3;09/02/2020;LOJ;1;210,50;
EUD;3003;3710;COMB AURIEN GOLD;GIFTS;23727;1;13/02/2020;VD;1;39,86;
EUD;3003;3710;COMB AURIEN GOLD;GIFTS;12616;1;29/02/2020;VD;1;154,70;
EUD;3004;3710;COMB AURIEN GOLD;GIFTS;13783;1;16/03/2020;VD;1;9,97;
EUD;3005;3710;COMB AURIEN GOLD;GIFTS;11148;1;01/04/2020;VD;1;64,70;
EUD;3006;3710;COMB AURIEN GOLD;GIFTS;19594;1;17/04/2020;VD;1;9,97;
EUD;3008;3710;COMB AURIEN GOLD;GIFTS;20260;3;03/05/2020;VD;1;8,34;
EUD;3000;3710;COMB AURIEN GOLD;GIFTS;213754;1;04/05/2020;VD;1;72,15;
EUD;3002;3710;COMB AURIEN GOLD;GIFTS;76416;1;18/04/2020;VD;1;28,20;
EUD;3004;3710;COMB AURIEN GOLD;GIFTS;286803;1;02/04/2020;VD;1;180,40;
EUD;3005;3710;COMB AURIEN GOLD;GIFTS;9387;1;17/03/2020;VD;1;84,50;
EUD;3006;3710;COMB AURIEN GOLD;GIFTS;95875;1;01/03/2020;VD;1;776,25;
EUD;3008;3710;COMB AURIEN GOLD;GIFTS;13063;2;14/02/2020;VD;1;342,50;
BBX;4004;3710;COMB AURIEN GOLD;GIFTS;23727;1;13/02/2020;LOJ;1;39,86;
BBX;4003;3710;COMB AURIEN GOLD;GIFTS;12616;1;29/02/2020;VD;1;154,70;
BBX;4004;3710;COMB AURIEN GOLD;GIFTS;13783;1;16/03/2020;LOJ;1;31,37;
BBX;4005;3710;COMB AURIEN GOLD;GIFTS;11148;1;01/04/2020;LOJ;1;64,70;
BBX;4006;3710;COMB AURIEN GOLD;GIFTS;19594;1;17/04/2020;LOJ;1;18,45;
BBX;4008;3710;COMB AURIEN GOLD;GIFTS;20260;3;03/05/2020;VD;1;14,76;
BBX;4000;3710;COMB AURIEN GOLD;GIFTS;213754;1;04/05/2020;LOJ;1;72,15;
BBX;4002;3710;COMB AURIEN GOLD;GIFTS;76416;1;18/04/2020;VD;1;28,20;
BBX;4004;3710;COMB AURIEN GOLD;GIFTS;286803;1;02/04/2020;LOJ;1;180,40;
BBX;4005;3710;COMB AURIEN GOLD;GIFTS;9387;1;17/03/2020;LOJ;1;84,50;
BBX;4006;3710;COMB AURIEN GOLD;GIFTS;95875;1;01/03/2020;LOJ;1;776,25;
BBX;4008;3710;COMB AURIEN GOLD;GIFTS;13063;2;14/02/2020;LOJ;1;342,50;
EUD;3003;3736;COMB INTENTION FOR MAN REG NAM/21;GIFTS;99193;1;15/02/2020;VD;1;54,83;
EUD;3003;3736;COMB INTENTION FOR MAN REG NAM/21;GIFTS;256987;1;02/03/2020;VD;1;55,70;
EUD;3004;3736;COMB INTENTION FOR MAN REG NAM/21;GIFTS;39964;1;18/03/2020;VD;1;4,78;
EUD;3005;3736;COMB INTENTION FOR MAN REG NAM/21;GIFTS;102348;1;03/04/2020;VD;1;18,26;
EUD;3007;3736;COMB INTENTION FOR MAN REG NAM/21;GIFTS;26275;3;19/04/2020;VD;1;259,70;
EUD;3008;3736;COMB INTENTION FOR MAN REG NAM/21;GIFTS;20260;3;05/05/2020;VD;1;95,60;
EUD;3000;3736;COMB INTENTION FOR MAN REG NAM/21;GIFTS;145381;1;02/05/2020;VD;1;66,65;
EUD;3002;3736;COMB INTENTION FOR MAN REG NAM/21;GIFTS;131428;1;16/04/2020;VD;1;129,50;
EUD;3004;3736;COMB INTENTION FOR MAN REG NAM/21;GIFTS;95875;1;31/03/2020;VD;1;47,90;
EUD;3005;3736;COMB INTENTION FOR MAN REG NAM/21;GIFTS;240732;1;15/03/2020;VD;1;42,50;
EUD;3006;3736;COMB INTENTION FOR MAN REG NAM/21;GIFTS;38604;1;28/02/2020;VD;1;157,55;
EUD;3008;3736;COMB INTENTION FOR MAN REG NAM/21;GIFTS;20260;3;12/02/2020;VD;1;117,85;
BBX;4004;3736;COMB INTENTION FOR MAN REG NAM/21;GIFTS;99193;1;15/02/2020;LOJ;1;54,83;
BBX;4003;3736;COMB INTENTION FOR MAN REG NAM/21;GIFTS;256987;1;02/03/2020;LOJ;1;55,70;
BBX;4004;3736;COMB INTENTION FOR MAN REG NAM/21;GIFTS;39964;1;18/03/2020;LOJ;1;266,00;
BBX;4005;3736;COMB INTENTION FOR MAN REG NAM/21;GIFTS;102348;1;03/04/2020;VD;1;18,26;
BBX;4007;3736;COMB INTENTION FOR MAN REG NAM/21;GIFTS;26275;3;19/04/2020;LOJ;1;259,70;
BBX;4008;3736;COMB INTENTION FOR MAN REG NAM/21;GIFTS;20260;3;05/05/2020;LOJ;1;95,60;
BBX;4000;3736;COMB INTENTION FOR MAN REG NAM/21;GIFTS;145381;1;02/05/2020;VD;1;66,65;
BBX;4002;3736;COMB INTENTION FOR MAN REG NAM/21;GIFTS;131428;1;16/04/2020;LOJ;1;129,50;
BBX;4004;3736;COMB INTENTION FOR MAN REG NAM/21;GIFTS;95875;1;31/03/2020;LOJ;1;47,90;
BBX;4005;3736;COMB INTENTION FOR MAN REG NAM/21;GIFTS;240732;1;15/03/2020;LOJ;1;42,50;
BBX;4006;3736;COMB INTENTION FOR MAN REG NAM/21;GIFTS;38604;1;28/02/2020;VD;1;157,55;
BBX;4008;3736;COMB INTENTION FOR MAN REG NAM/21;GIFTS;20260;3;12/02/2020;LOJ;1;117,85;
BOT;1003;17249;REFIL MAKE B. CHANEL QUART SOMBRA COR 1;MAQUIAGEM;638148;1;05/03/2020;VD;1;79,35;
BOT;1006;17249;REFIL MAKE B. CHANEL QUART SOMBRA COR 1;MAQUIAGEM;38604;1;15/04/2020;VD;1;50,27;
BOT;1003;17249;REFIL MAKE B. CHANEL QUART SOMBRA COR 1;MAQUIAGEM;638148;1;09/04/2020;VD;1;132,25;
BOT;1006;17249;REFIL MAKE B. CHANEL QUART SOMBRA COR 1;MAQUIAGEM;38604;1;28/02/2020;VD;1;83,78;
EUD;3003;17626;ESTJ VELVET MINI SENS 120ml;GIFTS;77623;1;12/02/2020;VD;1;55,10;
EUD;3003;17626;ESTJ VELVET MINI SENS 120ml;GIFTS;118362;1;28/02/2020;VD;1;73,70;
EUD;3004;17626;ESTJ VELVET MINI SENS 120ml;GIFTS;117424;2;15/03/2020;VD;1;4,39;
EUD;3005;17626;ESTJ VELVET MINI SENS 120ml;GIFTS;15204;1;31/03/2020;VD;1;124,70;
EUD;3006;17626;ESTJ VELVET MINI SENS 120ml;GIFTS;9408;2;16/04/2020;VD;1;9,97;
EUD;3008;17626;ESTJ VELVET MINI SENS 120ml;GIFTS;20260;3;02/05/2020;VD;1;13,79;
EUD;3000;17626;ESTJ VELVET MINI SENS 120ml;GIFTS;213754;1;05/05/2020;VD;1;72,15;
EUD;3002;17626;ESTJ VELVET MINI SENS 120ml;GIFTS;17755;1;19/04/2020;VD;1;31,55;
EUD;3004;17626;ESTJ VELVET MINI SENS 120ml;GIFTS;39964;1;03/04/2020;VD;1;181,40;
EUD;3005;17626;ESTJ VELVET MINI SENS 120ml;GIFTS;14316;1;18/03/2020;VD;1;269,50;
EUD;3006;17626;ESTJ VELVET MINI SENS 120ml;GIFTS;144108;1;02/03/2020;VD;1;909,15;
EUD;3007;17626;ESTJ VELVET MINI SENS 120ml;GIFTS;4659;3;15/02/2020;VD;1;385,40;
BBX;4004;17626;ESTJ VELVET MINI SENS 120ml;GIFTS;77623;1;12/02/2020;LOJ;1;55,10;
BBX;4003;17626;ESTJ VELVET MINI SENS 120ml;GIFTS;118362;1;28/02/2020;LOJ;1;73,70;
BBX;4004;17626;ESTJ VELVET MINI SENS 120ml;GIFTS;117424;2;15/03/2020;LOJ;1;12,15;
BBX;4005;17626;ESTJ VELVET MINI SENS 120ml;GIFTS;15204;1;31/03/2020;LOJ;1;124,70;
BBX;4006;17626;ESTJ VELVET MINI SENS 120ml;GIFTS;9408;2;16/04/2020;LOJ;1;17,76;
BBX;4008;17626;ESTJ VELVET MINI SENS 120ml;GIFTS;20260;3;02/05/2020;LOJ;1;13,79;
BBX;4000;17626;ESTJ VELVET MINI SENS 120ml;GIFTS;213754;1;05/05/2020;LOJ;1;72,15;
BBX;4002;17626;ESTJ VELVET MINI SENS 120ml;GIFTS;17755;1;19/04/2020;LOJ;1;31,55;
BBX;4004;17626;ESTJ VELVET MINI SENS 120ml;GIFTS;39964;1;03/04/2020;LOJ;1;181,40;
BBX;4005;17626;ESTJ VELVET MINI SENS 120ml;GIFTS;14316;1;18/03/2020;LOJ;1;269,50;
BBX;4006;17626;ESTJ VELVET MINI SENS 120ml;GIFTS;144108;1;02/03/2020;LOJ;1;909,15;
BBX;4007;17626;ESTJ VELVET MINI SENS 120ml;GIFTS;4659;3;15/02/2020;LOJ;1;385,40;
EUD;3000;21284;KIT S. SPECIAL NIGHT MINI;GIFTS;145381;1;11/02/2020;VD;1;35,99;
EUD;3002;21284;KIT S. SPECIAL NIGHT MINI;GIFTS;131428;1;27/02/2020;VD;1;73,70;
EUD;3004;21284;KIT S. SPECIAL NIGHT MINI;GIFTS;95875;1;14/03/2020;VD;1;24,74;
EUD;3005;21284;KIT S. SPECIAL NIGHT MINI;GIFTS;240732;1;30/03/2020;VD;1;21,50;
EUD;3006;21284;KIT S. SPECIAL NIGHT MINI;GIFTS;38604;1;15/04/2020;VD;1;90,53;
EUD;3008;21284;KIT S. SPECIAL NIGHT MINI;GIFTS;20260;3;01/05/2020;VD;1;66,71;
EUD;3000;21284;KIT S. SPECIAL NIGHT MINI;GIFTS;213754;1;06/05/2020;VD;1;72,15;
EUD;3002;21284;KIT S. SPECIAL NIGHT MINI;GIFTS;66370;1;20/04/2020;VD;1;26,05;
EUD;3003;21284;KIT S. SPECIAL NIGHT MINI;GIFTS;51312;1;04/04/2020;VD;1;171,20;
EUD;3005;21284;KIT S. SPECIAL NIGHT MINI;GIFTS;139;1;19/03/2020;VD;1;59,50;
EUD;3006;21284;KIT S. SPECIAL NIGHT MINI;GIFTS;13783;1;03/03/2020;VD;1;133,35;
EUD;3007;21284;KIT S. SPECIAL NIGHT MINI;GIFTS;119688;2;16/02/2020;VD;1;195,55;
BBX;4000;21284;KIT S. SPECIAL NIGHT MINI;GIFTS;145381;1;11/02/2020;VD;1;35,99;
BBX;4002;21284;KIT S. SPECIAL NIGHT MINI;GIFTS;131428;1;27/02/2020;LOJ;1;73,70;
BBX;4004;21284;KIT S. SPECIAL NIGHT MINI;GIFTS;95875;1;14/03/2020;LOJ;1;24,74;
BBX;4005;21284;KIT S. SPECIAL NIGHT MINI;GIFTS;240732;1;30/03/2020;LOJ;1;21,50;
BBX;4006;21284;KIT S. SPECIAL NIGHT MINI;GIFTS;38604;1;15/04/2020;VD;1;90,53;
BBX;4008;21284;KIT S. SPECIAL NIGHT MINI;GIFTS;20260;3;01/05/2020;LOJ;1;66,71;
BBX;4000;21284;KIT S. SPECIAL NIGHT MINI;GIFTS;213754;1;06/05/2020;LOJ;1;72,15;
BBX;4002;21284;KIT S. SPECIAL NIGHT MINI;GIFTS;66370;1;20/04/2020;LOJ;1;26,05;
BBX;4003;21284;KIT S. SPECIAL NIGHT MINI;GIFTS;51312;1;04/04/2020;LOJ;1;171,20;
BBX;4005;21284;KIT S. SPECIAL NIGHT MINI;GIFTS;139;1;19/03/2020;LOJ;1;59,50;
BBX;4006;21284;KIT S. SPECIAL NIGHT MINI;GIFTS;13783;1;03/03/2020;LOJ;1;133,35;
BBX;4007;21284;KIT S. SPECIAL NIGHT MINI;GIFTS;119688;2;16/02/2020;LOJ;1;195,55;
BOT;1002;21855;MAKE B. QUART SOMBRAS LUMIERE VS2 ROSA;MAQUIAGEM;66370;1;23/02/2020;LOJ;1;10,82;
BOT;1005;21855;MAKE B. QUART SOMBRAS LUMIERE VS2 ROSA;MAQUIAGEM;139344;1;04/04/2020;LOJ;1;11,49;
BOT;1002;21855;MAKE B. QUART SOMBRAS LUMIERE VS2 ROSA;MAQUIAGEM;66370;1;20/04/2020;LOJ;1;18,03;
BOT;1005;21855;MAKE B. QUART SOMBRAS LUMIERE VS2 ROSA;MAQUIAGEM;139344;1;10/03/2020;LOJ;1;19,15;
EUD;3002;22642;N/ETAGE PROT SOL CC CR BEG M FPS30 40g;SOLAR;37015;1;17/02/2020;VD;1;73,04;
EUD;3003;22642;N/ETAGE PROT SOL CC CR BEG M FPS30 40g;SOLAR;53403;1;04/03/2020;VD;1;70,70;
EUD;3004;22642;N/ETAGE PROT SOL CC CR BEG M FPS30 40g;SOLAR;95875;1;20/03/2020;VD;1;32,45;
EUD;3005;22642;N/ETAGE PROT SOL CC CR BEG M FPS30 40g;SOLAR;247125;1;05/04/2020;VD;1;156,02;
EUD;3007;22642;N/ETAGE PROT SOL CC CR BEG M FPS30 40g;SOLAR;31924;1;21/04/2020;VD;1;379,70;
EUD;3008;22642;N/ETAGE PROT SOL CC CR BEG M FPS30 40g;SOLAR;20260;3;07/05/2020;VD;1;69,38;
EUD;3003;22642;N/ETAGE PROT SOL CC CR BEG M FPS30 40g;SOLAR;23727;1;30/04/2020;VD;1;73,10;
EUD;3003;22642;N/ETAGE PROT SOL CC CR BEG M FPS30 40g;SOLAR;12616;1;14/04/2020;VD;1;264,50;
EUD;3004;22642;N/ETAGE PROT SOL CC CR BEG M FPS30 40g;SOLAR;13783;1;29/03/2020;VD;1;58,95;
EUD;3005;22642;N/ETAGE PROT SOL CC CR BEG M FPS30 40g;SOLAR;11148;1;13/03/2020;VD;1;114,50;
EUD;3006;22642;N/ETAGE PROT SOL CC CR BEG M FPS30 40g;SOLAR;19594;1;26/02/2020;VD;1;19,45;
EUD;3008;22642;N/ETAGE PROT SOL CC CR BEG M FPS30 40g;SOLAR;20260;3;10/02/2020;VD;1;40,10;
BBX;4002;22642;N/ETAGE PROT SOL CC CR BEG M FPS30 40g;SOLAR;37015;1;17/02/2020;LOJ;1;73,04;
BBX;4003;22642;N/ETAGE PROT SOL CC CR BEG M FPS30 40g;SOLAR;53403;1;04/03/2020;LOJ;1;70,70;
BBX;4004;22642;N/ETAGE PROT SOL CC CR BEG M FPS30 40g;SOLAR;95875;1;20/03/2020;LOJ;1;129,59;
BBX;4005;22642;N/ETAGE PROT SOL CC CR BEG M FPS30 40g;SOLAR;247125;1;05/04/2020;LOJ;1;156,02;
BBX;4007;22642;N/ETAGE PROT SOL CC CR BEG M FPS30 40g;SOLAR;31924;1;21/04/2020;LOJ;1;379,70;
BBX;4008;22642;N/ETAGE PROT SOL CC CR BEG M FPS30 40g;SOLAR;20260;3;07/05/2020;LOJ;1;69,38;
BBX;4004;22642;N/ETAGE PROT SOL CC CR BEG M FPS30 40g;SOLAR;23727;1;30/04/2020;LOJ;1;73,10;
BBX;4003;22642;N/ETAGE PROT SOL CC CR BEG M FPS30 40g;SOLAR;12616;1;14/04/2020;VD;1;264,50;
BBX;4004;22642;N/ETAGE PROT SOL CC CR BEG M FPS30 40g;SOLAR;13783;1;29/03/2020;LOJ;1;58,95;
BBX;4005;22642;N/ETAGE PROT SOL CC CR BEG M FPS30 40g;SOLAR;11148;1;13/03/2020;LOJ;1;114,50;
BBX;4006;22642;N/ETAGE PROT SOL CC CR BEG M FPS30 40g;SOLAR;19594;1;26/02/2020;LOJ;1;16,26;
BBX;4008;22642;N/ETAGE PROT SOL CC CR BEG M FPS30 40g;SOLAR;20260;3;10/02/2020;VD;1;28,12;
QDB;2000;24798;QDB CORRETIVO ALTA COBERTURA COR 1 2,5g;MAQUIAGEM;213754;1;07/02/2020;LOJ;1;12,32;
QDB;2002;24798;QDB CORRETIVO ALTA COBERTURA COR 1 2,5g;MAQUIAGEM;37015;1;17/02/2020;LOJ;1;20,76;
QDB;2002;24798;QDB CORRETIVO ALTA COBERTURA COR 1 2,5g;MAQUIAGEM;131428;1;27/02/2020;LOJ;1;20,93;
QDB;2003;24798;QDB CORRETIVO ALTA COBERTURA COR 1 2,5g;MAQUIAGEM;199642;1;08/03/2020;LOJ;1;39,68;
QDB;2004;24798;QDB CORRETIVO ALTA COBERTURA COR 1 2,5g;MAQUIAGEM;39964;1;18/03/2020;LOJ;1;69,00;
QDB;2005;24798;QDB CORRETIVO ALTA COBERTURA COR 1 2,5g;MAQUIAGEM;9387;1;28/03/2020;LOJ;1;14,18;
QDB;2006;24798;QDB CORRETIVO ALTA COBERTURA COR 1 2,5g;MAQUIAGEM;192441;1;07/04/2020;LOJ;1;33,54;
QDB;2006;24798;QDB CORRETIVO ALTA COBERTURA COR 1 2,5g;MAQUIAGEM;19594;1;17/04/2020;LOJ;1;12,45;
QDB;2007;24798;QDB CORRETIVO ALTA COBERTURA COR 1 2,5g;MAQUIAGEM;119688;2;27/04/2020;LOJ;1;30,83;
QDB;2008;24798;QDB CORRETIVO ALTA COBERTURA COR 1 2,5g;MAQUIAGEM;20260;3;07/05/2020;LOJ;1;19,85;
QDB;2000;24798;QDB CORRETIVO ALTA COBERTURA COR 1 2,5g;MAQUIAGEM;213754;1;06/05/2020;LOJ;1;18,48;
QDB;2002;24798;QDB CORRETIVO ALTA COBERTURA COR 1 2,5g;MAQUIAGEM;37015;1;26/04/2020;LOJ;1;31,14;
QDB;2002;24798;QDB CORRETIVO ALTA COBERTURA COR 1 2,5g;MAQUIAGEM;131428;1;16/04/2020;LOJ;1;31,39;
QDB;2003;24798;QDB CORRETIVO ALTA COBERTURA COR 1 2,5g;MAQUIAGEM;199642;1;06/04/2020;LOJ;1;59,51;
QDB;2004;24798;QDB CORRETIVO ALTA COBERTURA COR 1 2,5g;MAQUIAGEM;39964;1;27/03/2020;LOJ;1;103,50;
QDB;2005;24798;QDB CORRETIVO ALTA COBERTURA COR 1 2,5g;MAQUIAGEM;9387;1;17/03/2020;LOJ;1;21,26;
QDB;2006;24798;QDB CORRETIVO ALTA COBERTURA COR 1 2,5g;MAQUIAGEM;192441;1;07/03/2020;LOJ;1;50,31;
QDB;2006;24798;QDB CORRETIVO ALTA COBERTURA COR 1 2,5g;MAQUIAGEM;19594;1;26/02/2020;LOJ;1;22,98;
QDB;2007;24798;QDB CORRETIVO ALTA COBERTURA COR 1 2,5g;MAQUIAGEM;119688;2;16/02/2020;LOJ;1;46,25;
QDB;2008;24798;QDB CORRETIVO ALTA COBERTURA COR 1 2,5g;MAQUIAGEM;20260;3;06/02/2020;LOJ;1;29,77;
BOT;1000;26887;PRM ROLL ON 10ml CAIXA COM 117 UNIDADES;SUPORTE À VENDA;17485;1;05/02/2020;LOJ;1;24,63;
BOT;1004;26887;PRM ROLL ON 10ml CAIXA COM 117 UNIDADES;SUPORTE À VENDA;13783;1;17/03/2020;LOJ;1;20,69;
BOT;1007;26887;PRM ROLL ON 10ml CAIXA COM 117 UNIDADES;SUPORTE À VENDA;119688;2;27/04/2020;LOJ;1;61,67;
BOT;1000;26887;PRM ROLL ON 10ml CAIXA COM 117 UNIDADES;SUPORTE À VENDA;17485;1;08/05/2020;LOJ;1;41,05;
BOT;1004;26887;PRM ROLL ON 10ml CAIXA COM 117 UNIDADES;SUPORTE À VENDA;13783;1;28/03/2020;LOJ;1;34,48;
BOT;1007;26887;PRM ROLL ON 10ml CAIXA COM 117 UNIDADES;SUPORTE À VENDA;119688;2;16/02/2020;LOJ;1;102,78;
BOT;1001;30545;TOALHA UOMINI NATAL/ 97;ACESSÓRIOS;77623;1;12/02/2020;LOJ;1;32,55;
BOT;1005;30545;TOALHA UOMINI NATAL/ 97;ACESSÓRIOS;9387;1;24/03/2020;LOJ;1;40,35;
BOT;1008;30545;TOALHA UOMINI NATAL/ 97;ACESSÓRIOS;20260;3;04/05/2020;LOJ;1;66,15;
BOT;1001;30545;TOALHA UOMINI NATAL/ 97;ACESSÓRIOS;77623;1;01/05/2020;LOJ;1;54,25;
BOT;1005;30545;TOALHA UOMINI NATAL/ 97;ACESSÓRIOS;9387;1;21/03/2020;LOJ;1;67,25;
BOT;1008;30545;TOALHA UOMINI NATAL/ 97;ACESSÓRIOS;20260;3;09/02/2020;LOJ;1;110,25;
BOT;1003;30640;PORTA CD UOMUNI NAMOR/99;ACESSÓRIOS;12616;1;29/02/2020;VD;1;82,35;
BOT;1006;30640;PORTA CD UOMUNI NAMOR/99;ACESSÓRIOS;95875;1;10/04/2020;VD;1;32,22;
BOT;1003;30640;PORTA CD UOMUNI NAMOR/99;ACESSÓRIOS;12616;1;14/04/2020;VD;1;137,25;
BOT;1006;30640;PORTA CD UOMUNI NAMOR/99;ACESSÓRIOS;95875;1;04/03/2020;VD;1;53,70;
BOT;1002;31011;ESPELHO DE BOLSA;ACESSÓRIOS;37015;1;17/02/2020;LOJ;1;41,52;
BOT;1005;31011;ESPELHO DE BOLSA;ACESSÓRIOS;75990;1;29/03/2020;LOJ;1;15,75;
BOT;1008;31011;ESPELHO DE BOLSA;ACESSÓRIOS;5974;2;09/05/2020;LOJ;1;182,22;
BOT;1002;31011;ESPELHO DE BOLSA;ACESSÓRIOS;37015;1;26/04/2020;LOJ;1;69,20;
BOT;1005;31011;ESPELHO DE BOLSA;ACESSÓRIOS;75990;1;16/03/2020;LOJ;1;26,25;
BOT;1008;31011;ESPELHO DE BOLSA;ACESSÓRIOS;5974;2;04/02/2020;LOJ;1;303,70;
BOT;1002;31223;NEC QUASAR FEMININO AZUL PRM;SUPORTE À VENDA;257323;1;18/02/2020;LOJ;1;41,64;
BOT;1005;31223;NEC QUASAR FEMININO AZUL PRM;SUPORTE À VENDA;240732;1;30/03/2020;LOJ;1;15,75;
BOT;1008;31223;NEC QUASAR FEMININO AZUL PRM;SUPORTE À VENDA;98641;2;10/05/2020;LOJ;1;19,49;
BOT;1002;31223;NEC QUASAR FEMININO AZUL PRM;SUPORTE À VENDA;257323;1;25/04/2020;LOJ;1;69,40;
BOT;1005;31223;NEC QUASAR FEMININO AZUL PRM;SUPORTE À VENDA;240732;1;15/03/2020;LOJ;1;26,25;
BOT;1008;31223;NEC QUASAR FEMININO AZUL PRM;SUPORTE À VENDA;98641;2;03/02/2020;LOJ;1;32,48;
BOT;1002;31904;ESPON MIC-LEAO AMIG BOT PRM 03;SUPORTE À VENDA;76416;1;25/02/2020;VD;1;11,46;
BOT;1006;31904;ESPON MIC-LEAO AMIG BOT PRM 03;SUPORTE À VENDA;297819;1;06/04/2020;VD;1;64,34;
BOT;1002;31904;ESPON MIC-LEAO AMIG BOT PRM 03;SUPORTE À VENDA;76416;1;18/04/2020;VD;1;19,10;
BOT;1006;31904;ESPON MIC-LEAO AMIG BOT PRM 03;SUPORTE À VENDA;297819;1;08/03/2020;VD;1;107,23;
BOT;1003;32463;BROCHE GOLDEN PLUS;SUPORTE À VENDA;121665;1;09/03/2020;LOJ;1;52,46;
BOT;1007;32463;BROCHE GOLDEN PLUS;SUPORTE À VENDA;26275;3;19/04/2020;LOJ;1;134,85;
BOT;1003;32463;BROCHE GOLDEN PLUS;SUPORTE À VENDA;121665;1;05/04/2020;LOJ;1;87,43;
BOT;1007;32463;BROCHE GOLDEN PLUS;SUPORTE À VENDA;26275;3;24/02/2020;LOJ;1;224,75;
BOT;1002;32561;NEC ESTOJO MA CHERIE PASCOA/02;ACESSÓRIOS;18480;1;20/02/2020;LOJ;1;41,49;
BOT;1005;32561;NEC ESTOJO MA CHERIE PASCOA/02;ACESSÓRIOS;11148;1;01/04/2020;LOJ;1;37,35;
BOT;1002;32561;NEC ESTOJO MA CHERIE PASCOA/02;ACESSÓRIOS;18480;1;23/04/2020;LOJ;1;69,15;
BOT;1005;32561;NEC ESTOJO MA CHERIE PASCOA/02;ACESSÓRIOS;11148;1;13/03/2020;LOJ;1;62,25;
BOT;1001;33008;BOLSA LINDA NAM/05;ACESSÓRIOS;23727;1;14/02/2020;LOJ;1;24,90;
BOT;1005;33008;BOLSA LINDA NAM/05;ACESSÓRIOS;139;1;26/03/2020;LOJ;1;20,85;
BOT;1008;33008;BOLSA LINDA NAM/05;ACESSÓRIOS;20260;3;06/05/2020;LOJ;1;52,80;
BOT;1001;33008;BOLSA LINDA NAM/05;ACESSÓRIOS;23727;1;29/04/2020;LOJ;1;41,50;
BOT;1005;33008;BOLSA LINDA NAM/05;ACESSÓRIOS;139;1;19/03/2020;LOJ;1;34,75;
BOT;1008;33008;BOLSA LINDA NAM/05;ACESSÓRIOS;20260;3;07/02/2020;LOJ;1;88,00;
BOT;1001;33133;PULSEIRA SOCIAL FBPN - UNI;ACESSÓRIOS;23727;1;13/02/2020;LOJ;1;24,93;
BOT;1005;33133;PULSEIRA SOCIAL FBPN - UNI;ACESSÓRIOS;7687;1;25/03/2020;LOJ;1;101,85;
BOT;1008;33133;PULSEIRA SOCIAL FBPN - UNI;ACESSÓRIOS;20260;3;05/05/2020;LOJ;1;52,80;
BOT;1001;33133;PULSEIRA SOCIAL FBPN - UNI;ACESSÓRIOS;23727;1;30/04/2020;LOJ;1;41,55;
BOT;1005;33133;PULSEIRA SOCIAL FBPN - UNI;ACESSÓRIOS;7687;1;20/03/2020;LOJ;1;169,75;
BOT;1008;33133;PULSEIRA SOCIAL FBPN - UNI;ACESSÓRIOS;20260;3;08/02/2020;LOJ;1;88,00;
BOT;1003;33474;LIVRO FBPN 15 ANOS;SUPORTE À VENDA;12616;1;01/03/2020;LOJ;1;82,35;
BOT;1006;33474;LIVRO FBPN 15 ANOS;SUPORTE À VENDA;13783;1;11/04/2020;LOJ;1;43,01;
BOT;1003;33474;LIVRO FBPN 15 ANOS;SUPORTE À VENDA;12616;1;13/04/2020;LOJ;1;137,25;
BOT;1006;33474;LIVRO FBPN 15 ANOS;SUPORTE À VENDA;13783;1;03/03/2020;LOJ;1;71,68;
BOT;1000;33746;FRASQUEIRA G;ACESSÓRIOS;23727;1;02/02/2020;LOJ;1;24,90;
BOT;1004;33746;FRASQUEIRA G;ACESSÓRIOS;95875;1;14/03/2020;LOJ;1;17,37;
BOT;1007;33746;FRASQUEIRA G;ACESSÓRIOS;50461;2;24/04/2020;LOJ;1;172,35;
BOT;1000;33746;FRASQUEIRA G;ACESSÓRIOS;23727;1;11/05/2020;LOJ;1;41,50;
BOT;1004;33746;FRASQUEIRA G;ACESSÓRIOS;95875;1;31/03/2020;LOJ;1;28,95;
BOT;1007;33746;FRASQUEIRA G;ACESSÓRIOS;50461;2;19/02/2020;LOJ;1;287,25;
BOT;1003;34276;VALVULA PRATA LILY ESSENCE;ACESSÓRIOS;118362;1;28/02/2020;LOJ;1;41,85;
BOT;1006;34276;VALVULA PRATA LILY ESSENCE;ACESSÓRIOS;95875;1;09/04/2020;LOJ;1;36,09;
BOT;1003;34276;VALVULA PRATA LILY ESSENCE;ACESSÓRIOS;118362;1;15/04/2020;LOJ;1;69,75;
BOT;1006;34276;VALVULA PRATA LILY ESSENCE;ACESSÓRIOS;95875;1;05/03/2020;LOJ;1;60,15;
BOT;1000;34544;CAMISETA POLO CONNEXION NAM/07;SUPORTE À VENDA;213754;1;10/02/2020;LOJ;1;24,65;
BOT;1004;34544;CAMISETA POLO CONNEXION NAM/07;SUPORTE À VENDA;9387;1;22/03/2020;LOJ;1;23,85;
BOT;1008;34544;CAMISETA POLO CONNEXION NAM/07;SUPORTE À VENDA;20260;3;02/05/2020;LOJ;1;11,90;
BOT;1000;34544;CAMISETA POLO CONNEXION NAM/07;SUPORTE À VENDA;213754;1;03/05/2020;LOJ;1;41,08;
BOT;1004;34544;CAMISETA POLO CONNEXION NAM/07;SUPORTE À VENDA;9387;1;23/03/2020;LOJ;1;39,75;
BOT;1008;34544;CAMISETA POLO CONNEXION NAM/07;SUPORTE À VENDA;20260;3;11/02/2020;LOJ;1;19,83;
BOT;1003;34766;ESPONJA P/ BANHO O BOTICARIO ( VERDE);ACESSÓRIOS;199642;1;08/03/2020;LOJ;1;79,35;
BOT;1007;34766;ESPONJA P/ BANHO O BOTICARIO ( VERDE);ACESSÓRIOS;113287;1;18/04/2020;LOJ;1;2,61;
BOT;1003;34766;ESPONJA P/ BANHO O BOTICARIO ( VERDE);ACESSÓRIOS;199642;1;06/04/2020;LOJ;1;132,25;
BOT;1007;34766;ESPONJA P/ BANHO O BOTICARIO ( VERDE);ACESSÓRIOS;113287;1;25/02/2020;LOJ;1;4,35;
BOT;1000;34893;AGENDA BOTICARIO/08;ACESSÓRIOS;213754;1;07/02/2020;LOJ;1;24,65;
BOT;1004;34893;AGENDA BOTICARIO/08;ACESSÓRIOS;95875;1;19/03/2020;LOJ;1;119,75;
BOT;1008;34893;AGENDA BOTICARIO/08;ACESSÓRIOS;13063;2;29/04/2020;LOJ;1;105,75;
BOT;1000;34893;AGENDA BOTICARIO/08;ACESSÓRIOS;213754;1;06/05/2020;LOJ;1;41,08;
BOT;1004;34893;AGENDA BOTICARIO/08;ACESSÓRIOS;95875;1;26/03/2020;LOJ;1;199,58;
BOT;1008;34893;AGENDA BOTICARIO/08;ACESSÓRIOS;13063;2;14/02/2020;LOJ;1;176,25;
BOT;1000;35648;CARTEIRA FESTA MYRIAD NAT/08 (VDA);ACESSÓRIOS;145381;1;11/02/2020;VD;1;23,00;
BOT;1005;35648;CARTEIRA FESTA MYRIAD NAT/08 (VDA);ACESSÓRIOS;44055;1;23/03/2020;VD;1;89,85;
BOT;1008;35648;CARTEIRA FESTA MYRIAD NAT/08 (VDA);ACESSÓRIOS;20260;3;03/05/2020;VD;1;2,52;
BOT;1000;35648;CARTEIRA FESTA MYRIAD NAT/08 (VDA);ACESSÓRIOS;145381;1;02/05/2020;VD;1;38,33;
BOT;1005;35648;CARTEIRA FESTA MYRIAD NAT/08 (VDA);ACESSÓRIOS;44055;1;22/03/2020;VD;1;149,75;
BOT;1008;35648;CARTEIRA FESTA MYRIAD NAT/08 (VDA);ACESSÓRIOS;20260;3;10/02/2020;VD;1;4,20;
BOT;1000;35872;NECESSAIRE X-BOY NATAL/09;ACESSÓRIOS;23727;1;03/02/2020;LOJ;1;24,90;
BOT;1004;35872;NECESSAIRE X-BOY NATAL/09;ACESSÓRIOS;117424;2;15/03/2020;LOJ;1;2,81;
BOT;1007;35872;NECESSAIRE X-BOY NATAL/09;ACESSÓRIOS;451243;1;25/04/2020;LOJ;1;148,49;
BOT;1000;35872;NECESSAIRE X-BOY NATAL/09;ACESSÓRIOS;23727;1;10/05/2020;LOJ;1;41,50;
BOT;1004;35872;NECESSAIRE X-BOY NATAL/09;ACESSÓRIOS;117424;2;30/03/2020;LOJ;1;4,68;
BOT;1007;35872;NECESSAIRE X-BOY NATAL/09;ACESSÓRIOS;451243;1;18/02/2020;LOJ;1;247,48;
BOT;1003;35877;NECESSAIRE EGEO WOMAN NATAL/09;ACESSÓRIOS;53403;1;04/03/2020;LOJ;1;40,35;
BOT;1006;35877;NECESSAIRE EGEO WOMAN NATAL/09;ACESSÓRIOS;38604;1;14/04/2020;LOJ;1;145,46;
BOT;1003;35877;NECESSAIRE EGEO WOMAN NATAL/09;ACESSÓRIOS;53403;1;10/04/2020;LOJ;1;67,25;
BOT;1006;35877;NECESSAIRE EGEO WOMAN NATAL/09;ACESSÓRIOS;38604;1;29/02/2020;LOJ;1;242,43;
BOT;1002;36373;MALETA DE DEMOSTRACAO;SUPORTE À VENDA;258601;1;22/02/2020;VD;1;239,55;
BOT;1005;36373;MALETA DE DEMOSTRACAO;SUPORTE À VENDA;102348;1;03/04/2020;VD;1;14,13;
BOT;1002;36373;MALETA DE DEMOSTRACAO;SUPORTE À VENDA;258601;1;21/04/2020;VD;1;399,25;
BOT;1005;36373;MALETA DE DEMOSTRACAO;SUPORTE À VENDA;102348;1;11/03/2020;VD;1;23,55;
BOT;1002;36489;COFFEE SED WEBCAM NAMORADOS/11;ACESSÓRIOS;22528;1;26/02/2020;LOJ;1;11,70;
BOT;1006;36489;COFFEE SED WEBCAM NAMORADOS/11;ACESSÓRIOS;192441;1;07/04/2020;LOJ;1;67,08;
BOT;1002;36489;COFFEE SED WEBCAM NAMORADOS/11;ACESSÓRIOS;22528;1;17/04/2020;LOJ;1;19,50;
BOT;1006;36489;COFFEE SED WEBCAM NAMORADOS/11;ACESSÓRIOS;192441;1;07/03/2020;LOJ;1;111,80;
BOT;1000;36708;CANECA QUASAR NATAL/09 (VDA);ACESSÓRIOS;213754;1;08/02/2020;LOJ;1;24,65;
BOT;1004;36708;CANECA QUASAR NATAL/09 (VDA);ACESSÓRIOS;95875;1;20/03/2020;LOJ;1;69,80;
BOT;1008;36708;CANECA QUASAR NATAL/09 (VDA);ACESSÓRIOS;20260;3;30/04/2020;LOJ;1;33,08;
BOT;1000;36708;CANECA QUASAR NATAL/09 (VDA);ACESSÓRIOS;213754;1;05/05/2020;LOJ;1;41,08;
BOT;1004;36708;CANECA QUASAR NATAL/09 (VDA);ACESSÓRIOS;95875;1;25/03/2020;LOJ;1;116,33;
BOT;1008;36708;CANECA QUASAR NATAL/09 (VDA);ACESSÓRIOS;20260;3;13/02/2020;LOJ;1;55,13;
EUD;3000;36794;S. LIGA PERNA PRETA E ROSA VDA;ACESSÓRIOS;23727;1;03/02/2020;VD;1;39,80;
EUD;3002;36794;S. LIGA PERNA PRETA E ROSA VDA;ACESSÓRIOS;118600;1;19/02/2020;VD;1;73,04;
EUD;3003;36794;S. LIGA PERNA PRETA E ROSA VDA;ACESSÓRIOS;21957;1;06/03/2020;VD;1;109,70;
EUD;3004;36794;S. LIGA PERNA PRETA E ROSA VDA;ACESSÓRIOS;9387;1;22/03/2020;VD;1;9,95;
EUD;3006;36794;S. LIGA PERNA PRETA E ROSA VDA;ACESSÓRIOS;192441;1;07/04/2020;VD;1;124,16;
EUD;3007;36794;S. LIGA PERNA PRETA E ROSA VDA;ACESSÓRIOS;108910;2;23/04/2020;VD;1;295,70;
EUD;3008;36794;S. LIGA PERNA PRETA E ROSA VDA;ACESSÓRIOS;5974;2;09/05/2020;VD;1;354,44;
EUD;3003;36794;S. LIGA PERNA PRETA E ROSA VDA;ACESSÓRIOS;99193;1;28/04/2020;VD;1;98,05;
EUD;3003;36794;S. LIGA PERNA PRETA E ROSA VDA;ACESSÓRIOS;256987;1;12/04/2020;VD;1;99,50;
EUD;3004;36794;S. LIGA PERNA PRETA E ROSA VDA;ACESSÓRIOS;39964;1;27/03/2020;VD;1;450,00;
EUD;3005;36794;S. LIGA PERNA PRETA E ROSA VDA;ACESSÓRIOS;102348;1;11/03/2020;VD;1;37,10;
EUD;3007;36794;S. LIGA PERNA PRETA E ROSA VDA;ACESSÓRIOS;26275;3;24/02/2020;VD;1;439,50;
EUD;3008;36794;S. LIGA PERNA PRETA E ROSA VDA;ACESSÓRIOS;20260;3;08/02/2020;VD;1;166,00;
BBX;4000;36794;S. LIGA PERNA PRETA E ROSA VDA;ACESSÓRIOS;23727;1;03/02/2020;LOJ;1;39,80;
BBX;4002;36794;S. LIGA PERNA PRETA E ROSA VDA;ACESSÓRIOS;118600;1;19/02/2020;LOJ;1;73,04;
BBX;4003;36794;S. LIGA PERNA PRETA E ROSA VDA;ACESSÓRIOS;21957;1;06/03/2020;LOJ;1;109,70;
BBX;4004;36794;S. LIGA PERNA PRETA E ROSA VDA;ACESSÓRIOS;9387;1;22/03/2020;LOJ;1;37,70;
BBX;4006;36794;S. LIGA PERNA PRETA E ROSA VDA;ACESSÓRIOS;192441;1;07/04/2020;LOJ;1;124,16;
BBX;4007;36794;S. LIGA PERNA PRETA E ROSA VDA;ACESSÓRIOS;108910;2;23/04/2020;LOJ;1;295,70;
BBX;4008;36794;S. LIGA PERNA PRETA E ROSA VDA;ACESSÓRIOS;5974;2;09/05/2020;LOJ;1;354,44;
BBX;4004;36794;S. LIGA PERNA PRETA E ROSA VDA;ACESSÓRIOS;99193;1;28/04/2020;LOJ;1;98,05;
BBX;4003;36794;S. LIGA PERNA PRETA E ROSA VDA;ACESSÓRIOS;256987;1;12/04/2020;LOJ;1;99,50;
BBX;4004;36794;S. LIGA PERNA PRETA E ROSA VDA;ACESSÓRIOS;39964;1;27/03/2020;LOJ;1;450,00;
BBX;4005;36794;S. LIGA PERNA PRETA E ROSA VDA;ACESSÓRIOS;102348;1;11/03/2020;VD;1;37,10;
BBX;4007;36794;S. LIGA PERNA PRETA E ROSA VDA;ACESSÓRIOS;26275;3;24/02/2020;LOJ;1;439,50;
BBX;4008;36794;S. LIGA PERNA PRETA E ROSA VDA;ACESSÓRIOS;20260;3;08/02/2020;LOJ;1;166,00;
BOT;1002;37154;MINI BOLSA CAPRICHO NATAL/11;ACESSÓRIOS;17755;1;24/02/2020;LOJ;1;12,47;
BOT;1005;37154;MINI BOLSA CAPRICHO NATAL/11;ACESSÓRIOS;247125;1;05/04/2020;LOJ;1;83,01;
BOT;1002;37154;MINI BOLSA CAPRICHO NATAL/11;ACESSÓRIOS;17755;1;19/04/2020;LOJ;1;20,78;
BOT;1005;37154;MINI BOLSA CAPRICHO NATAL/11;ACESSÓRIOS;247125;1;09/03/2020;LOJ;1;138,35;
QDB;2000;37507;QDB NECESSAIRE CAPA G;ACESSÓRIOS;213754;1;10/02/2020;LOJ;1;12,32;
QDB;2002;37507;QDB NECESSAIRE CAPA G;ACESSÓRIOS;18480;1;20/02/2020;LOJ;1;20,75;
QDB;2003;37507;QDB NECESSAIRE CAPA G;ACESSÓRIOS;12616;1;01/03/2020;LOJ;1;41,18;
QDB;2004;37507;QDB NECESSAIRE CAPA G;ACESSÓRIOS;39964;1;11/03/2020;LOJ;1;28,71;
QDB;2004;37507;QDB NECESSAIRE CAPA G;ACESSÓRIOS;142725;1;21/03/2020;LOJ;1;17,93;
QDB;2005;37507;QDB NECESSAIRE CAPA G;ACESSÓRIOS;15204;1;31/03/2020;LOJ;1;33,68;
QDB;2006;37507;QDB NECESSAIRE CAPA G;ACESSÓRIOS;95875;1;10/04/2020;LOJ;1;16,11;
QDB;2007;37507;QDB NECESSAIRE CAPA G;ACESSÓRIOS;59364;2;20/04/2020;LOJ;1;33,28;
QDB;2008;37507;QDB NECESSAIRE CAPA G;ACESSÓRIOS;20260;3;30/04/2020;LOJ;1;16,54;
QDB;2008;37507;QDB NECESSAIRE CAPA G;ACESSÓRIOS;98641;2;10/05/2020;LOJ;1;9,74;
QDB;2000;37507;QDB NECESSAIRE CAPA G;ACESSÓRIOS;213754;1;03/05/2020;LOJ;1;18,48;
QDB;2002;37507;QDB NECESSAIRE CAPA G;ACESSÓRIOS;18480;1;23/04/2020;LOJ;1;31,12;
QDB;2003;37507;QDB NECESSAIRE CAPA G;ACESSÓRIOS;12616;1;13/04/2020;LOJ;1;61,76;
QDB;2004;37507;QDB NECESSAIRE CAPA G;ACESSÓRIOS;39964;1;03/04/2020;LOJ;1;43,07;
QDB;2004;37507;QDB NECESSAIRE CAPA G;ACESSÓRIOS;142725;1;24/03/2020;LOJ;1;26,89;
QDB;2005;37507;QDB NECESSAIRE CAPA G;ACESSÓRIOS;15204;1;14/03/2020;LOJ;1;50,51;
QDB;2006;37507;QDB NECESSAIRE CAPA G;ACESSÓRIOS;95875;1;04/03/2020;LOJ;1;24,17;
QDB;2007;37507;QDB NECESSAIRE CAPA G;ACESSÓRIOS;59364;2;23/02/2020;LOJ;1;49,92;
QDB;2008;37507;QDB NECESSAIRE CAPA G;ACESSÓRIOS;20260;3;13/02/2020;LOJ;1;24,81;
QDB;2008;37507;QDB NECESSAIRE CAPA G;ACESSÓRIOS;98641;2;03/02/2020;LOJ;1;14,61;
BOT;1004;38231;NECESSAIRE NATIVA SPA NATAL 2012;ACESSÓRIOS;286803;1;12/03/2020;LOJ;1;57,12;
BOT;1007;38231;NECESSAIRE NATIVA SPA NATAL 2012;ACESSÓRIOS;3616;2;22/04/2020;LOJ;1;50,85;
BOT;1004;38231;NECESSAIRE NATIVA SPA NATAL 2012;ACESSÓRIOS;286803;1;02/04/2020;LOJ;1;95,20;
BOT;1007;38231;NECESSAIRE NATIVA SPA NATAL 2012;ACESSÓRIOS;3616;2;21/02/2020;LOJ;1;84,75;
BOT;1002;38480;BOT PINCEL DELINEAR SOMB BOCA IND V4;ACESSÓRIOS;9387;1;21/02/2020;LOJ;1;41,67;
BOT;1005;38480;BOT PINCEL DELINEAR SOMB BOCA IND V4;ACESSÓRIOS;41230;1;02/04/2020;LOJ;1;143,85;
BOT;1002;38480;BOT PINCEL DELINEAR SOMB BOCA IND V4;ACESSÓRIOS;9387;1;22/04/2020;LOJ;1;69,45;
BOT;1005;38480;BOT PINCEL DELINEAR SOMB BOCA IND V4;ACESSÓRIOS;41230;1;12/03/2020;LOJ;1;239,75;
BOT;1000;39754;ECOBAG DOBRAVEL POLIESTER C/A N/SPA 14;ACESSÓRIOS;213754;1;09/02/2020;LOJ;1;24,65;
BOT;1004;39754;ECOBAG DOBRAVEL POLIESTER C/A N/SPA 14;ACESSÓRIOS;142725;1;21/03/2020;LOJ;1;35,85;
BOT;1008;39754;ECOBAG DOBRAVEL POLIESTER C/A N/SPA 14;ACESSÓRIOS;20260;3;01/05/2020;LOJ;1;38,36;
BOT;1000;39754;ECOBAG DOBRAVEL POLIESTER C/A N/SPA 14;ACESSÓRIOS;213754;1;04/05/2020;LOJ;1;41,08;
BOT;1004;39754;ECOBAG DOBRAVEL POLIESTER C/A N/SPA 14;ACESSÓRIOS;142725;1;24/03/2020;LOJ;1;59,75;
BOT;1008;39754;ECOBAG DOBRAVEL POLIESTER C/A N/SPA 14;ACESSÓRIOS;20260;3;12/02/2020;LOJ;1;63,93;
BOT;1004;39827;TAPETE DE BANHO EM PVC SPULOKIS 14;ACESSÓRIOS;39964;1;11/03/2020;LOJ;1;57,42;
BOT;1007;39827;TAPETE DE BANHO EM PVC SPULOKIS 14;ACESSÓRIOS;31924;1;21/04/2020;LOJ;1;194,85;
BOT;1004;39827;TAPETE DE BANHO EM PVC SPULOKIS 14;ACESSÓRIOS;39964;1;03/04/2020;LOJ;1;95,70;
BOT;1007;39827;TAPETE DE BANHO EM PVC SPULOKIS 14;ACESSÓRIOS;31924;1;22/02/2020;LOJ;1;324,75;
BOT;1002;40368;CAPA IPHONE 4 EM PC MAKE B;ACESSÓRIOS;118600;1;19/02/2020;LOJ;1;41,52;
BOT;1005;40368;CAPA IPHONE 4 EM PC MAKE B;ACESSÓRIOS;15204;1;31/03/2020;LOJ;1;67,35;
BOT;1008;40368;CAPA IPHONE 4 EM PC MAKE B;ACESSÓRIOS;102916;1;11/05/2020;LOJ;1;64,35;
BOT;1002;40368;CAPA IPHONE 4 EM PC MAKE B;ACESSÓRIOS;118600;1;24/04/2020;LOJ;1;69,20;
BOT;1005;40368;CAPA IPHONE 4 EM PC MAKE B;ACESSÓRIOS;15204;1;14/03/2020;LOJ;1;112,25;
BOT;1008;40368;CAPA IPHONE 4 EM PC MAKE B;ACESSÓRIOS;102916;1;02/02/2020;LOJ;1;107,25;
BOT;1003;41076;NECESSAIRE DUPLA POLIESTER S/A NAM16;ACESSÓRIOS;55242;1;07/03/2020;LOJ;1;59,85;
BOT;1006;41076;NECESSAIRE DUPLA POLIESTER S/A NAM16;ACESSÓRIOS;19594;1;17/04/2020;LOJ;1;12,33;
BOT;1003;41076;NECESSAIRE DUPLA POLIESTER S/A NAM16;ACESSÓRIOS;55242;1;07/04/2020;LOJ;1;99,75;
BOT;1006;41076;NECESSAIRE DUPLA POLIESTER S/A NAM16;ACESSÓRIOS;19594;1;26/02/2020;LOJ;1;14,56;
BOT;1004;42064;BOTICARIO NECESSAIRE BASICA EM PU S/A;ACESSÓRIOS;7909;1;13/03/2020;LOJ;1;19,17;
BOT;1007;42064;BOTICARIO NECESSAIRE BASICA EM PU S/A;ACESSÓRIOS;108910;2;23/04/2020;LOJ;1;152,85;
BOT;1004;42064;BOTICARIO NECESSAIRE BASICA EM PU S/A;ACESSÓRIOS;7909;1;01/04/2020;LOJ;1;31,95;
BOT;1007;42064;BOTICARIO NECESSAIRE BASICA EM PU S/A;ACESSÓRIOS;108910;2;20/02/2020;LOJ;1;254,75;
EUD;3000;42129;EUD NECESSAIRE FLOR CEREJEIRA PVC S/A;ACESSÓRIOS;17485;1;05/02/2020;VD;1;39,26;
EUD;3002;42129;EUD NECESSAIRE FLOR CEREJEIRA PVC S/A;ACESSÓRIOS;9387;1;21/02/2020;VD;1;73,34;
EUD;3003;42129;EUD NECESSAIRE FLOR CEREJEIRA PVC S/A;ACESSÓRIOS;199642;1;08/03/2020;VD;1;148,70;
EUD;3005;42129;EUD NECESSAIRE FLOR CEREJEIRA PVC S/A;ACESSÓRIOS;9387;1;24/03/2020;VD;1;22,65;
EUD;3006;42129;EUD NECESSAIRE FLOR CEREJEIRA PVC S/A;ACESSÓRIOS;95875;1;09/04/2020;VD;1;62,18;
EUD;3007;42129;EUD NECESSAIRE FLOR CEREJEIRA PVC S/A;ACESSÓRIOS;451243;1;25/04/2020;VD;1;286,97;
EUD;3008;42129;EUD NECESSAIRE FLOR CEREJEIRA PVC S/A;ACESSÓRIOS;102916;1;11/05/2020;VD;1;118,70;
EUD;3002;42129;EUD NECESSAIRE FLOR CEREJEIRA PVC S/A;ACESSÓRIOS;37015;1;26/04/2020;VD;1;128,40;
EUD;3003;42129;EUD NECESSAIRE FLOR CEREJEIRA PVC S/A;ACESSÓRIOS;53403;1;10/04/2020;VD;1;124,50;
EUD;3004;42129;EUD NECESSAIRE FLOR CEREJEIRA PVC S/A;ACESSÓRIOS;95875;1;25/03/2020;VD;1;222,65;
EUD;3005;42129;EUD NECESSAIRE FLOR CEREJEIRA PVC S/A;ACESSÓRIOS;247125;1;09/03/2020;VD;1;266,70;
EUD;3007;42129;EUD NECESSAIRE FLOR CEREJEIRA PVC S/A;ACESSÓRIOS;31924;1;22/02/2020;VD;1;639,50;
EUD;3008;42129;EUD NECESSAIRE FLOR CEREJEIRA PVC S/A;ACESSÓRIOS;20260;3;06/02/2020;VD;1;122,30;
BBX;4000;42129;EUD NECESSAIRE FLOR CEREJEIRA PVC S/A;ACESSÓRIOS;17485;1;05/02/2020;LOJ;1;39,26;
BBX;4002;42129;EUD NECESSAIRE FLOR CEREJEIRA PVC S/A;ACESSÓRIOS;9387;1;21/02/2020;LOJ;1;73,34;
BBX;4003;42129;EUD NECESSAIRE FLOR CEREJEIRA PVC S/A;ACESSÓRIOS;199642;1;08/03/2020;LOJ;1;148,70;
BBX;4005;42129;EUD NECESSAIRE FLOR CEREJEIRA PVC S/A;ACESSÓRIOS;9387;1;24/03/2020;LOJ;1;70,70;
BBX;4006;42129;EUD NECESSAIRE FLOR CEREJEIRA PVC S/A;ACESSÓRIOS;95875;1;09/04/2020;LOJ;1;62,18;
BBX;4007;42129;EUD NECESSAIRE FLOR CEREJEIRA PVC S/A;ACESSÓRIOS;451243;1;25/04/2020;LOJ;1;286,97;
BBX;4008;42129;EUD NECESSAIRE FLOR CEREJEIRA PVC S/A;ACESSÓRIOS;102916;1;11/05/2020;LOJ;1;118,70;
BBX;4002;42129;EUD NECESSAIRE FLOR CEREJEIRA PVC S/A;ACESSÓRIOS;37015;1;26/04/2020;LOJ;1;128,40;
BBX;4003;42129;EUD NECESSAIRE FLOR CEREJEIRA PVC S/A;ACESSÓRIOS;53403;1;10/04/2020;LOJ;1;124,50;
BBX;4004;42129;EUD NECESSAIRE FLOR CEREJEIRA PVC S/A;ACESSÓRIOS;95875;1;25/03/2020;LOJ;1;222,65;
BBX;4005;42129;EUD NECESSAIRE FLOR CEREJEIRA PVC S/A;ACESSÓRIOS;247125;1;09/03/2020;LOJ;1;266,70;
BBX;4007;42129;EUD NECESSAIRE FLOR CEREJEIRA PVC S/A;ACESSÓRIOS;31924;1;22/02/2020;LOJ;1;639,50;
BBX;4008;42129;EUD NECESSAIRE FLOR CEREJEIRA PVC S/A;ACESSÓRIOS;20260;3;06/02/2020;LOJ;1;122,30;
QDB;2000;42197;QDB MALETA DE MAQUIAGEM ALUMINIO C/A;ACESSÓRIOS;3922;1;04/02/2020;LOJ;1;11,63;
QDB;2002;42197;QDB MALETA DE MAQUIAGEM ALUMINIO C/A;ACESSÓRIOS;23727;1;14/02/2020;LOJ;1;12,45;
QDB;2002;42197;QDB MALETA DE MAQUIAGEM ALUMINIO C/A;ACESSÓRIOS;17755;1;24/02/2020;LOJ;1;6,23;
QDB;2003;42197;QDB MALETA DE MAQUIAGEM ALUMINIO C/A;ACESSÓRIOS;638148;1;05/03/2020;LOJ;1;39,68;
QDB;2004;42197;QDB MALETA DE MAQUIAGEM ALUMINIO C/A;ACESSÓRIOS;117424;2;15/03/2020;LOJ;1;14,98;
QDB;2005;42197;QDB MALETA DE MAQUIAGEM ALUMINIO C/A;ACESSÓRIOS;7687;1;25/03/2020;LOJ;1;50,93;
QDB;2005;42197;QDB MALETA DE MAQUIAGEM ALUMINIO C/A;ACESSÓRIOS;139344;1;04/04/2020;LOJ;1;5,75;
QDB;2006;42197;QDB MALETA DE MAQUIAGEM ALUMINIO C/A;ACESSÓRIOS;38604;1;14/04/2020;LOJ;1;72,73;
QDB;2007;42197;QDB MALETA DE MAQUIAGEM ALUMINIO C/A;ACESSÓRIOS;50461;2;24/04/2020;LOJ;1;86,18;
QDB;2008;42197;QDB MALETA DE MAQUIAGEM ALUMINIO C/A;ACESSÓRIOS;20260;3;04/05/2020;LOJ;1;33,08;
QDB;2000;42197;QDB MALETA DE MAQUIAGEM ALUMINIO C/A;ACESSÓRIOS;3922;1;09/05/2020;LOJ;1;17,44;
QDB;2002;42197;QDB MALETA DE MAQUIAGEM ALUMINIO C/A;ACESSÓRIOS;23727;1;29/04/2020;LOJ;1;18,68;
QDB;2002;42197;QDB MALETA DE MAQUIAGEM ALUMINIO C/A;ACESSÓRIOS;17755;1;19/04/2020;LOJ;1;9,35;
QDB;2003;42197;QDB MALETA DE MAQUIAGEM ALUMINIO C/A;ACESSÓRIOS;638148;1;09/04/2020;LOJ;1;59,51;
QDB;2004;42197;QDB MALETA DE MAQUIAGEM ALUMINIO C/A;ACESSÓRIOS;117424;2;30/03/2020;LOJ;1;2,10;
QDB;2005;42197;QDB MALETA DE MAQUIAGEM ALUMINIO C/A;ACESSÓRIOS;7687;1;20/03/2020;LOJ;1;76,39;
QDB;2005;42197;QDB MALETA DE MAQUIAGEM ALUMINIO C/A;ACESSÓRIOS;139344;1;10/03/2020;LOJ;1;8,62;
QDB;2006;42197;QDB MALETA DE MAQUIAGEM ALUMINIO C/A;ACESSÓRIOS;38604;1;29/02/2020;LOJ;1;109,09;
QDB;2007;42197;QDB MALETA DE MAQUIAGEM ALUMINIO C/A;ACESSÓRIOS;50461;2;19/02/2020;LOJ;1;129,26;
QDB;2008;42197;QDB MALETA DE MAQUIAGEM ALUMINIO C/A;ACESSÓRIOS;20260;3;09/02/2020;LOJ;1;49,61;
EUD;3000;42915;EUD NECESS FUME PVC C/A;ACESSÓRIOS;213754;1;10/02/2020;VD;1;39,29;
EUD;3002;42915;EUD NECESS FUME PVC C/A;ACESSÓRIOS;22528;1;26/02/2020;VD;1;13,40;
EUD;3004;42915;EUD NECESS FUME PVC C/A;ACESSÓRIOS;7909;1;13/03/2020;VD;1;28,34;
EUD;3005;42915;EUD NECESS FUME PVC C/A;ACESSÓRIOS;75990;1;29/03/2020;VD;1;21,50;
EUD;3006;42915;EUD NECESS FUME PVC C/A;ACESSÓRIOS;38604;1;14/04/2020;VD;1;280,91;
EUD;3008;42915;EUD NECESS FUME PVC C/A;ACESSÓRIOS;20260;3;30/04/2020;VD;1;56,15;
EUD;3000;42915;EUD NECESS FUME PVC C/A;ACESSÓRIOS;213754;1;07/05/2020;VD;1;46,85;
EUD;3002;42915;EUD NECESS FUME PVC C/A;ACESSÓRIOS;258601;1;21/04/2020;VD;1;788,50;
EUD;3003;42915;EUD NECESS FUME PVC C/A;ACESSÓRIOS;121665;1;05/04/2020;VD;1;164,85;
EUD;3005;42915;EUD NECESS FUME PVC C/A;ACESSÓRIOS;7687;1;20/03/2020;VD;1;329,50;
EUD;3006;42915;EUD NECESS FUME PVC C/A;ACESSÓRIOS;95875;1;04/03/2020;VD;1;97,40;
EUD;3007;42915;EUD NECESS FUME PVC C/A;ACESSÓRIOS;38916;2;17/02/2020;VD;1;114,50;
BBX;4000;42915;EUD NECESS FUME PVC C/A;ACESSÓRIOS;213754;1;10/02/2020;LOJ;1;39,29;
BBX;4002;42915;EUD NECESS FUME PVC C/A;ACESSÓRIOS;22528;1;26/02/2020;LOJ;1;13,40;
BBX;4004;42915;EUD NECESS FUME PVC C/A;ACESSÓRIOS;7909;1;13/03/2020;LOJ;1;28,34;
BBX;4005;42915;EUD NECESS FUME PVC C/A;ACESSÓRIOS;75990;1;29/03/2020;LOJ;1;21,50;
BBX;4006;42915;EUD NECESS FUME PVC C/A;ACESSÓRIOS;38604;1;14/04/2020;LOJ;1;280,91;
BBX;4008;42915;EUD NECESS FUME PVC C/A;ACESSÓRIOS;20260;3;30/04/2020;LOJ;1;56,15;
BBX;4000;42915;EUD NECESS FUME PVC C/A;ACESSÓRIOS;213754;1;07/05/2020;LOJ;1;46,85;
BBX;4002;42915;EUD NECESS FUME PVC C/A;ACESSÓRIOS;258601;1;21/04/2020;VD;1;788,50;
BBX;4003;42915;EUD NECESS FUME PVC C/A;ACESSÓRIOS;121665;1;05/04/2020;LOJ;1;164,85;
BBX;4005;42915;EUD NECESS FUME PVC C/A;ACESSÓRIOS;7687;1;20/03/2020;LOJ;1;329,50;
BBX;4006;42915;EUD NECESS FUME PVC C/A;ACESSÓRIOS;95875;1;04/03/2020;VD;1;97,40;
BBX;4007;42915;EUD NECESS FUME PVC C/A;ACESSÓRIOS;38916;2;17/02/2020;LOJ;1;114,50;
QDB;2000;43466;QDB TAPETINHO XO SUJEIRA DOS PINCEIS;ACESSÓRIOS;17485;1;05/02/2020;LOJ;1;12,32;
QDB;2002;43466;QDB TAPETINHO XO SUJEIRA DOS PINCEIS;ACESSÓRIOS;99193;1;15/02/2020;LOJ;1;16,21;
QDB;2002;43466;QDB TAPETINHO XO SUJEIRA DOS PINCEIS;ACESSÓRIOS;76416;1;25/02/2020;LOJ;1;5,73;
QDB;2003;43466;QDB TAPETINHO XO SUJEIRA DOS PINCEIS;ACESSÓRIOS;21957;1;06/03/2020;LOJ;1;29,93;
QDB;2004;43466;QDB TAPETINHO XO SUJEIRA DOS PINCEIS;ACESSÓRIOS;13783;1;16/03/2020;LOJ;1;10,34;
QDB;2005;43466;QDB TAPETINHO XO SUJEIRA DOS PINCEIS;ACESSÓRIOS;139;1;26/03/2020;LOJ;1;10,43;
QDB;2005;43466;QDB TAPETINHO XO SUJEIRA DOS PINCEIS;ACESSÓRIOS;247125;1;05/04/2020;LOJ;1;41,51;
QDB;2006;43466;QDB TAPETINHO XO SUJEIRA DOS PINCEIS;ACESSÓRIOS;38604;1;15/04/2020;LOJ;1;25,13;
QDB;2007;43466;QDB TAPETINHO XO SUJEIRA DOS PINCEIS;ACESSÓRIOS;451243;1;25/04/2020;LOJ;1;74,24;
QDB;2008;43466;QDB TAPETINHO XO SUJEIRA DOS PINCEIS;ACESSÓRIOS;20260;3;05/05/2020;LOJ;1;26,40;
QDB;2000;43466;QDB TAPETINHO XO SUJEIRA DOS PINCEIS;ACESSÓRIOS;17485;1;08/05/2020;LOJ;1;18,47;
QDB;2002;43466;QDB TAPETINHO XO SUJEIRA DOS PINCEIS;ACESSÓRIOS;99193;1;28/04/2020;LOJ;1;24,31;
QDB;2002;43466;QDB TAPETINHO XO SUJEIRA DOS PINCEIS;ACESSÓRIOS;76416;1;18/04/2020;LOJ;1;8,60;
QDB;2003;43466;QDB TAPETINHO XO SUJEIRA DOS PINCEIS;ACESSÓRIOS;21957;1;08/04/2020;LOJ;1;44,89;
QDB;2004;43466;QDB TAPETINHO XO SUJEIRA DOS PINCEIS;ACESSÓRIOS;13783;1;29/03/2020;LOJ;1;15,51;
QDB;2005;43466;QDB TAPETINHO XO SUJEIRA DOS PINCEIS;ACESSÓRIOS;139;1;19/03/2020;LOJ;1;15,64;
QDB;2005;43466;QDB TAPETINHO XO SUJEIRA DOS PINCEIS;ACESSÓRIOS;247125;1;09/03/2020;LOJ;1;62,26;
QDB;2006;43466;QDB TAPETINHO XO SUJEIRA DOS PINCEIS;ACESSÓRIOS;38604;1;28/02/2020;LOJ;1;37,70;
QDB;2007;43466;QDB TAPETINHO XO SUJEIRA DOS PINCEIS;ACESSÓRIOS;451243;1;18/02/2020;LOJ;1;111,36;
QDB;2008;43466;QDB TAPETINHO XO SUJEIRA DOS PINCEIS;ACESSÓRIOS;20260;3;08/02/2020;LOJ;1;39,60;
QDB;2000;43474;QDB ESTOJINHO SOS UNHAS;ACESSÓRIOS;213754;1;09/02/2020;LOJ;1;12,32;
QDB;2002;43474;QDB ESTOJINHO SOS UNHAS;ACESSÓRIOS;118600;1;19/02/2020;LOJ;1;20,76;
QDB;2003;43474;QDB ESTOJINHO SOS UNHAS;ACESSÓRIOS;12616;1;29/02/2020;LOJ;1;41,18;
QDB;2003;43474;QDB ESTOJINHO SOS UNHAS;ACESSÓRIOS;51312;1;10/03/2020;LOJ;1;27,18;
QDB;2004;43474;QDB ESTOJINHO SOS UNHAS;ACESSÓRIOS;95875;1;20/03/2020;LOJ;1;34,90;
QDB;2005;43474;QDB ESTOJINHO SOS UNHAS;ACESSÓRIOS;240732;1;30/03/2020;LOJ;1;7,88;
QDB;2006;43474;QDB ESTOJINHO SOS UNHAS;ACESSÓRIOS;95875;1;09/04/2020;LOJ;1;18,05;
QDB;2007;43474;QDB ESTOJINHO SOS UNHAS;ACESSÓRIOS;26275;3;19/04/2020;LOJ;1;67,43;
QDB;2008;43474;QDB ESTOJINHO SOS UNHAS;ACESSÓRIOS;13063;2;29/04/2020;LOJ;1;52,88;
QDB;2008;43474;QDB ESTOJINHO SOS UNHAS;ACESSÓRIOS;5974;2;09/05/2020;LOJ;1;91,11;
QDB;2000;43474;QDB ESTOJINHO SOS UNHAS;ACESSÓRIOS;213754;1;04/05/2020;LOJ;1;18,48;
QDB;2002;43474;QDB ESTOJINHO SOS UNHAS;ACESSÓRIOS;118600;1;24/04/2020;LOJ;1;31,14;
QDB;2003;43474;QDB ESTOJINHO SOS UNHAS;ACESSÓRIOS;12616;1;14/04/2020;LOJ;1;61,76;
QDB;2003;43474;QDB ESTOJINHO SOS UNHAS;ACESSÓRIOS;51312;1;04/04/2020;LOJ;1;40,77;
QDB;2004;43474;QDB ESTOJINHO SOS UNHAS;ACESSÓRIOS;95875;1;25/03/2020;LOJ;1;52,35;
QDB;2005;43474;QDB ESTOJINHO SOS UNHAS;ACESSÓRIOS;240732;1;15/03/2020;LOJ;1;11,81;
QDB;2006;43474;QDB ESTOJINHO SOS UNHAS;ACESSÓRIOS;95875;1;05/03/2020;LOJ;1;27,07;
QDB;2007;43474;QDB ESTOJINHO SOS UNHAS;ACESSÓRIOS;26275;3;24/02/2020;LOJ;1;101,14;
QDB;2008;43474;QDB ESTOJINHO SOS UNHAS;ACESSÓRIOS;13063;2;14/02/2020;LOJ;1;79,31;
QDB;2008;43474;QDB ESTOJINHO SOS UNHAS;ACESSÓRIOS;5974;2;04/02/2020;LOJ;1;136,67;
BOT;1003;44206;BOTI FRASQ ROSE ARGOLA PU C/ALC ESTJ;ACESSÓRIOS;21957;1;06/03/2020;LOJ;1;59,85;
BOT;1006;44206;BOTI FRASQ ROSE ARGOLA PU C/ALC ESTJ;ACESSÓRIOS;9408;2;16/04/2020;LOJ;1;20,12;
BOT;1003;44206;BOTI FRASQ ROSE ARGOLA PU C/ALC ESTJ;ACESSÓRIOS;21957;1;08/04/2020;LOJ;1;99,75;
BOT;1006;44206;BOTI FRASQ ROSE ARGOLA PU C/ALC ESTJ;ACESSÓRIOS;9408;2;27/02/2020;LOJ;1;14,34;
BOT;1003;44581;MAKE B PINCEL P/MARCAR CONCAVO;ACESSÓRIOS;256987;1;02/03/2020;LOJ;1;32,85;
BOT;1006;44581;MAKE B PINCEL P/MARCAR CONCAVO;ACESSÓRIOS;144108;1;12/04/2020;LOJ;1;275,75;
BOT;1003;44581;MAKE B PINCEL P/MARCAR CONCAVO;ACESSÓRIOS;256987;1;12/04/2020;LOJ;1;54,75;
BOT;1006;44581;MAKE B PINCEL P/MARCAR CONCAVO;ACESSÓRIOS;144108;1;02/03/2020;LOJ;1;459,58;
BOT;1001;44847;BOTI BABY FRALDA NANINHA FIDO PES;ACESSÓRIOS;99193;1;15/02/2020;LOJ;1;32,42;
BOT;1005;44847;BOTI BABY FRALDA NANINHA FIDO PES;ACESSÓRIOS;14316;1;27/03/2020;LOJ;1;83,85;
BOT;1008;44847;BOTI BABY FRALDA NANINHA FIDO PES;ACESSÓRIOS;20260;3;07/05/2020;LOJ;1;39,69;
BOT;1001;44847;BOTI BABY FRALDA NANINHA FIDO PES;ACESSÓRIOS;99193;1;28/04/2020;LOJ;1;54,03;
BOT;1005;44847;BOTI BABY FRALDA NANINHA FIDO PES;ACESSÓRIOS;14316;1;18/03/2020;LOJ;1;139,75;
BOT;1008;44847;BOTI BABY FRALDA NANINHA FIDO PES;ACESSÓRIOS;20260;3;06/02/2020;LOJ;1;66,15;
FRJ;5000;45145;VULT UNHA NATUR REDONDA LONG 1007;ACESSÓRIOS;23727;1;03/02/2020;LOJ;1;12,45;
FRJ;5005;45145;VULT UNHA NATUR REDONDA LONG 1007;ACESSÓRIOS;77623;1;12/02/2020;LOJ;1;16,28;
FRJ;5005;45145;VULT UNHA NATUR REDONDA LONG 1007;ACESSÓRIOS;9387;1;21/02/2020;LOJ;1;20,84;
FRJ;5003;45145;VULT UNHA NATUR REDONDA LONG 1007;ACESSÓRIOS;12616;1;01/03/2020;LOJ;1;41,18;
FRJ;5003;45145;VULT UNHA NATUR REDONDA LONG 1007;ACESSÓRIOS;51312;1;10/03/2020;LOJ;1;27,18;
FRJ;5004;45145;VULT UNHA NATUR REDONDA LONG 1007;ACESSÓRIOS;95875;1;19/03/2020;LOJ;1;59,87;
FRJ;5005;45145;VULT UNHA NATUR REDONDA LONG 1007;ACESSÓRIOS;9387;1;28/03/2020;LOJ;1;14,18;
FRJ;5006;45145;VULT UNHA NATUR REDONDA LONG 1007;ACESSÓRIOS;297819;1;06/04/2020;LOJ;1;32,17;
FRJ;5006;45145;VULT UNHA NATUR REDONDA LONG 1007;ACESSÓRIOS;38604;1;15/04/2020;LOJ;1;25,13;
FRJ;5007;45145;VULT UNHA NATUR REDONDA LONG 1007;ACESSÓRIOS;50461;2;24/04/2020;LOJ;1;86,18;
FRJ;5008;45145;VULT UNHA NATUR REDONDA LONG 1007;ACESSÓRIOS;20260;3;03/05/2020;LOJ;1;11,23;
FRJ;5000;45145;VULT UNHA NATUR REDONDA LONG 1007;ACESSÓRIOS;23727;1;11/05/2020;LOJ;1;18,68;
FRJ;5000;45145;VULT UNHA NATUR REDONDA LONG 1007;ACESSÓRIOS;145381;1;02/05/2020;LOJ;1;17,25;
FRJ;5005;45145;VULT UNHA NATUR REDONDA LONG 1007;ACESSÓRIOS;18480;1;23/04/2020;LOJ;1;31,12;
FRJ;5003;45145;VULT UNHA NATUR REDONDA LONG 1007;ACESSÓRIOS;12616;1;14/04/2020;LOJ;1;61,76;
FRJ;5003;45145;VULT UNHA NATUR REDONDA LONG 1007;ACESSÓRIOS;121665;1;05/04/2020;LOJ;1;39,34;
FRJ;5004;45145;VULT UNHA NATUR REDONDA LONG 1007;ACESSÓRIOS;39964;1;27/03/2020;LOJ;1;103,50;
FRJ;5005;45145;VULT UNHA NATUR REDONDA LONG 1007;ACESSÓRIOS;14316;1;18/03/2020;LOJ;1;62,89;
FRJ;5005;45145;VULT UNHA NATUR REDONDA LONG 1007;ACESSÓRIOS;247125;1;09/03/2020;LOJ;1;62,26;
FRJ;5006;45145;VULT UNHA NATUR REDONDA LONG 1007;ACESSÓRIOS;38604;1;29/02/2020;LOJ;1;109,09;
FRJ;5007;45145;VULT UNHA NATUR REDONDA LONG 1007;ACESSÓRIOS;108910;2;20/02/2020;LOJ;1;114,64;
FRJ;5008;45145;VULT UNHA NATUR REDONDA LONG 1007;ACESSÓRIOS;20260;3;11/02/2020;LOJ;1;8,92;
FRJ;5008;45145;VULT UNHA NATUR REDONDA LONG 1007;ACESSÓRIOS;102916;1;02/02/2020;LOJ;1;48,26;
BOT;1003;45552;INTENSE NECESS TRIANGULAR PES;ACESSÓRIOS;51312;1;10/03/2020;LOJ;1;54,36;
BOT;1007;45552;INTENSE NECESS TRIANGULAR PES;ACESSÓRIOS;59364;2;20/04/2020;LOJ;1;66,56;
BOT;1003;45552;INTENSE NECESS TRIANGULAR PES;ACESSÓRIOS;51312;1;04/04/2020;LOJ;1;90,60;
BOT;1007;45552;INTENSE NECESS TRIANGULAR PES;ACESSÓRIOS;59364;2;23/02/2020;LOJ;1;110,93;
BOT;1001;45811;NSPA NECESS AMEIXA PES ESTJ;ACESSÓRIOS;101644;1;16/02/2020;LOJ;1;36,03;
BOT;1005;45811;NSPA NECESS AMEIXA PES ESTJ;ACESSÓRIOS;9387;1;28/03/2020;LOJ;1;28,35;
BOT;1008;45811;NSPA NECESS AMEIXA PES ESTJ;ACESSÓRIOS;5974;2;08/05/2020;LOJ;1;12,62;
BOT;1001;45811;NSPA NECESS AMEIXA PES ESTJ;ACESSÓRIOS;101644;1;27/04/2020;LOJ;1;60,05;
BOT;1005;45811;NSPA NECESS AMEIXA PES ESTJ;ACESSÓRIOS;9387;1;17/03/2020;LOJ;1;47,25;
BOT;1008;45811;NSPA NECESS AMEIXA PES ESTJ;ACESSÓRIOS;5974;2;05/02/2020;LOJ;1;21,03;
EUD;3003;70957;EUD LAP RETR LAB VERM DIVA 1,1g;MAQUIAGEM;101644;1;16/02/2020;VD;1;62,06;
EUD;3003;70957;EUD LAP RETR LAB VERM DIVA 1,1g;MAQUIAGEM;256987;1;03/03/2020;VD;1;55,70;
EUD;3004;70957;EUD LAP RETR LAB VERM DIVA 1,1g;MAQUIAGEM;95875;1;19/03/2020;VD;1;4,96;
EUD;3005;70957;EUD LAP RETR LAB VERM DIVA 1,1g;MAQUIAGEM;139344;1;04/04/2020;VD;1;12,98;
EUD;3007;70957;EUD LAP RETR LAB VERM DIVA 1,1g;MAQUIAGEM;59364;2;20/04/2020;VD;1;123,11;
EUD;3008;70957;EUD LAP RETR LAB VERM DIVA 1,1g;MAQUIAGEM;20260;3;06/05/2020;VD;1;95,60;
EUD;3003;70957;EUD LAP RETR LAB VERM DIVA 1,1g;MAQUIAGEM;77623;1;01/05/2020;VD;1;98,50;
EUD;3003;70957;EUD LAP RETR LAB VERM DIVA 1,1g;MAQUIAGEM;118362;1;15/04/2020;VD;1;129,50;
EUD;3004;70957;EUD LAP RETR LAB VERM DIVA 1,1g;MAQUIAGEM;117424;2;30/03/2020;VD;1;3,56;
EUD;3005;70957;EUD LAP RETR LAB VERM DIVA 1,1g;MAQUIAGEM;15204;1;14/03/2020;VD;1;214,50;
EUD;3006;70957;EUD LAP RETR LAB VERM DIVA 1,1g;MAQUIAGEM;9408;2;27/02/2020;VD;1;4,67;
EUD;3008;70957;EUD LAP RETR LAB VERM DIVA 1,1g;MAQUIAGEM;20260;3;11/02/2020;VD;1;29,65;
BBX;4004;70957;EUD LAP RETR LAB VERM DIVA 1,1g;MAQUIAGEM;101644;1;16/02/2020;LOJ;1;62,06;
BBX;4003;70957;EUD LAP RETR LAB VERM DIVA 1,1g;MAQUIAGEM;256987;1;03/03/2020;LOJ;1;55,70;
BBX;4004;70957;EUD LAP RETR LAB VERM DIVA 1,1g;MAQUIAGEM;95875;1;19/03/2020;LOJ;1;229,49;
BBX;4005;70957;EUD LAP RETR LAB VERM DIVA 1,1g;MAQUIAGEM;139344;1;04/04/2020;LOJ;1;12,98;
BBX;4007;70957;EUD LAP RETR LAB VERM DIVA 1,1g;MAQUIAGEM;59364;2;20/04/2020;LOJ;1;123,11;
BBX;4008;70957;EUD LAP RETR LAB VERM DIVA 1,1g;MAQUIAGEM;20260;3;06/05/2020;LOJ;1;95,60;
BBX;4004;70957;EUD LAP RETR LAB VERM DIVA 1,1g;MAQUIAGEM;77623;1;01/05/2020;LOJ;1;98,50;
BBX;4003;70957;EUD LAP RETR LAB VERM DIVA 1,1g;MAQUIAGEM;118362;1;15/04/2020;LOJ;1;129,50;
BBX;4004;70957;EUD LAP RETR LAB VERM DIVA 1,1g;MAQUIAGEM;117424;2;30/03/2020;LOJ;1;16,87;
BBX;4005;70957;EUD LAP RETR LAB VERM DIVA 1,1g;MAQUIAGEM;15204;1;14/03/2020;LOJ;1;214,50;
BBX;4006;70957;EUD LAP RETR LAB VERM DIVA 1,1g;MAQUIAGEM;9408;2;27/02/2020;LOJ;1;13,25;
BBX;4008;70957;EUD LAP RETR LAB VERM DIVA 1,1g;MAQUIAGEM;20260;3;11/02/2020;LOJ;1;29,65;
FRJ;5000;73042;LS PROT TERM ORIGINAL SHINE MIST 200ml;CABELOS;213754;1;07/02/2020;LOJ;1;12,32;
FRJ;5005;73042;LS PROT TERM ORIGINAL SHINE MIST 200ml;CABELOS;101644;1;16/02/2020;LOJ;1;18,02;
FRJ;5005;73042;LS PROT TERM ORIGINAL SHINE MIST 200ml;CABELOS;76416;1;25/02/2020;LOJ;1;5,73;
FRJ;5003;73042;LS PROT TERM ORIGINAL SHINE MIST 200ml;CABELOS;638148;1;05/03/2020;LOJ;1;39,68;
FRJ;5004;73042;LS PROT TERM ORIGINAL SHINE MIST 200ml;CABELOS;95875;1;14/03/2020;LOJ;1;8,69;
FRJ;5005;73042;LS PROT TERM ORIGINAL SHINE MIST 200ml;CABELOS;44055;1;23/03/2020;LOJ;1;44,93;
FRJ;5005;73042;LS PROT TERM ORIGINAL SHINE MIST 200ml;CABELOS;11148;1;01/04/2020;LOJ;1;18,68;
FRJ;5006;73042;LS PROT TERM ORIGINAL SHINE MIST 200ml;CABELOS;95875;1;10/04/2020;LOJ;1;16,11;
FRJ;5007;73042;LS PROT TERM ORIGINAL SHINE MIST 200ml;CABELOS;26275;3;19/04/2020;LOJ;1;67,43;
FRJ;5007;73042;LS PROT TERM ORIGINAL SHINE MIST 200ml;CABELOS;4659;3;28/04/2020;LOJ;1;59,31;
FRJ;5008;73042;LS PROT TERM ORIGINAL SHINE MIST 200ml;CABELOS;20260;3;07/05/2020;LOJ;1;19,85;
FRJ;5000;73042;LS PROT TERM ORIGINAL SHINE MIST 200ml;CABELOS;213754;1;07/05/2020;LOJ;1;12,79;
FRJ;5005;73042;LS PROT TERM ORIGINAL SHINE MIST 200ml;CABELOS;99193;1;28/04/2020;LOJ;1;24,31;
FRJ;5005;73042;LS PROT TERM ORIGINAL SHINE MIST 200ml;CABELOS;17755;1;19/04/2020;LOJ;1;9,35;
FRJ;5003;73042;LS PROT TERM ORIGINAL SHINE MIST 200ml;CABELOS;53403;1;10/04/2020;LOJ;1;30,26;
FRJ;5004;73042;LS PROT TERM ORIGINAL SHINE MIST 200ml;CABELOS;7909;1;01/04/2020;LOJ;1;14,38;
FRJ;5004;73042;LS PROT TERM ORIGINAL SHINE MIST 200ml;CABELOS;9387;1;23/03/2020;LOJ;1;17,89;
FRJ;5005;73042;LS PROT TERM ORIGINAL SHINE MIST 200ml;CABELOS;15204;1;14/03/2020;LOJ;1;50,51;
FRJ;5006;73042;LS PROT TERM ORIGINAL SHINE MIST 200ml;CABELOS;95875;1;05/03/2020;LOJ;1;27,07;
FRJ;5007;73042;LS PROT TERM ORIGINAL SHINE MIST 200ml;CABELOS;113287;1;25/02/2020;LOJ;1;1,96;
FRJ;5007;73042;LS PROT TERM ORIGINAL SHINE MIST 200ml;CABELOS;119688;2;16/02/2020;LOJ;1;46,25;
FRJ;5008;73042;LS PROT TERM ORIGINAL SHINE MIST 200ml;CABELOS;20260;3;07/02/2020;LOJ;1;39,60;
FRJ;5000;74289;SD EDT LE ROY SOL EXTREME 100ml;PERFUMARIA;3922;1;04/02/2020;LOJ;1;11,63;
FRJ;5005;74289;SD EDT LE ROY SOL EXTREME 100ml;PERFUMARIA;23727;1;13/02/2020;LOJ;1;12,47;
FRJ;5005;74289;SD EDT LE ROY SOL EXTREME 100ml;PERFUMARIA;258601;1;22/02/2020;LOJ;1;119,78;
FRJ;5003;74289;SD EDT LE ROY SOL EXTREME 100ml;PERFUMARIA;256987;1;02/03/2020;LOJ;1;16,43;
FRJ;5004;74289;SD EDT LE ROY SOL EXTREME 100ml;PERFUMARIA;39964;1;11/03/2020;LOJ;1;28,71;
FRJ;5004;74289;SD EDT LE ROY SOL EXTREME 100ml;PERFUMARIA;95875;1;20/03/2020;LOJ;1;34,90;
FRJ;5005;74289;SD EDT LE ROY SOL EXTREME 100ml;PERFUMARIA;75990;1;29/03/2020;LOJ;1;7,88;
FRJ;5006;74289;SD EDT LE ROY SOL EXTREME 100ml;PERFUMARIA;192441;1;07/04/2020;LOJ;1;33,54;
FRJ;5006;74289;SD EDT LE ROY SOL EXTREME 100ml;PERFUMARIA;9408;2;16/04/2020;LOJ;1;13,55;
FRJ;5007;74289;SD EDT LE ROY SOL EXTREME 100ml;PERFUMARIA;451243;1;25/04/2020;LOJ;1;74,24;
FRJ;5008;74289;SD EDT LE ROY SOL EXTREME 100ml;PERFUMARIA;20260;3;04/05/2020;LOJ;1;33,08;
FRJ;5000;74289;SD EDT LE ROY SOL EXTREME 100ml;PERFUMARIA;23727;1;10/05/2020;LOJ;1;18,68;
FRJ;5005;74289;SD EDT LE ROY SOL EXTREME 100ml;PERFUMARIA;77623;1;01/05/2020;LOJ;1;24,41;
FRJ;5005;74289;SD EDT LE ROY SOL EXTREME 100ml;PERFUMARIA;9387;1;22/04/2020;LOJ;1;31,25;
FRJ;5003;74289;SD EDT LE ROY SOL EXTREME 100ml;PERFUMARIA;12616;1;13/04/2020;LOJ;1;61,76;
FRJ;5003;74289;SD EDT LE ROY SOL EXTREME 100ml;PERFUMARIA;51312;1;04/04/2020;LOJ;1;40,77;
FRJ;5004;74289;SD EDT LE ROY SOL EXTREME 100ml;PERFUMARIA;95875;1;26/03/2020;LOJ;1;89,81;
FRJ;5005;74289;SD EDT LE ROY SOL EXTREME 100ml;PERFUMARIA;9387;1;17/03/2020;LOJ;1;21,26;
FRJ;5006;74289;SD EDT LE ROY SOL EXTREME 100ml;PERFUMARIA;297819;1;08/03/2020;LOJ;1;48,25;
FRJ;5006;74289;SD EDT LE ROY SOL EXTREME 100ml;PERFUMARIA;38604;1;28/02/2020;LOJ;1;37,70;
FRJ;5007;74289;SD EDT LE ROY SOL EXTREME 100ml;PERFUMARIA;50461;2;19/02/2020;LOJ;1;129,26;
FRJ;5008;74289;SD EDT LE ROY SOL EXTREME 100ml;PERFUMARIA;20260;3;10/02/2020;LOJ;1;31,11;
FRJ;5000;74511;RV BASE P/R A/B EF GOLDEN BEIGE 30 ML;MAQUIAGEM;213754;1;09/02/2020;LOJ;1;12,32;
FRJ;5005;74511;RV BASE P/R A/B EF GOLDEN BEIGE 30 ML;MAQUIAGEM;257323;1;18/02/2020;LOJ;1;20,82;
FRJ;5005;74511;RV BASE P/R A/B EF GOLDEN BEIGE 30 ML;MAQUIAGEM;131428;1;27/02/2020;LOJ;1;20,93;
FRJ;5003;74511;RV BASE P/R A/B EF GOLDEN BEIGE 30 ML;MAQUIAGEM;55242;1;07/03/2020;LOJ;1;29,93;
FRJ;5004;74511;RV BASE P/R A/B EF GOLDEN BEIGE 30 ML;MAQUIAGEM;13783;1;16/03/2020;LOJ;1;10,34;
FRJ;5005;74511;RV BASE P/R A/B EF GOLDEN BEIGE 30 ML;MAQUIAGEM;7687;1;25/03/2020;LOJ;1;50,93;
FRJ;5005;74511;RV BASE P/R A/B EF GOLDEN BEIGE 30 ML;MAQUIAGEM;102348;1;03/04/2020;LOJ;1;7,07;
FRJ;5006;74511;RV BASE P/R A/B EF GOLDEN BEIGE 30 ML;MAQUIAGEM;144108;1;12/04/2020;LOJ;1;137,87;
FRJ;5007;74511;RV BASE P/R A/B EF GOLDEN BEIGE 30 ML;MAQUIAGEM;31924;1;21/04/2020;LOJ;1;97,43;
FRJ;5008;74511;RV BASE P/R A/B EF GOLDEN BEIGE 30 ML;MAQUIAGEM;20260;3;30/04/2020;LOJ;1;16,54;
FRJ;5008;74511;RV BASE P/R A/B EF GOLDEN BEIGE 30 ML;MAQUIAGEM;5974;2;09/05/2020;LOJ;1;91,11;
FRJ;5000;74511;RV BASE P/R A/B EF GOLDEN BEIGE 30 ML;MAQUIAGEM;213754;1;05/05/2020;LOJ;1;18,48;
FRJ;5005;74511;RV BASE P/R A/B EF GOLDEN BEIGE 30 ML;MAQUIAGEM;37015;1;26/04/2020;LOJ;1;31,14;
FRJ;5005;74511;RV BASE P/R A/B EF GOLDEN BEIGE 30 ML;MAQUIAGEM;22528;1;17/04/2020;LOJ;1;8,78;
FRJ;5003;74511;RV BASE P/R A/B EF GOLDEN BEIGE 30 ML;MAQUIAGEM;21957;1;08/04/2020;LOJ;1;44,89;
FRJ;5004;74511;RV BASE P/R A/B EF GOLDEN BEIGE 30 ML;MAQUIAGEM;117424;2;30/03/2020;LOJ;1;2,10;
FRJ;5005;74511;RV BASE P/R A/B EF GOLDEN BEIGE 30 ML;MAQUIAGEM;9387;1;21/03/2020;LOJ;1;30,26;
FRJ;5005;74511;RV BASE P/R A/B EF GOLDEN BEIGE 30 ML;MAQUIAGEM;41230;1;12/03/2020;LOJ;1;107,89;
FRJ;5006;74511;RV BASE P/R A/B EF GOLDEN BEIGE 30 ML;MAQUIAGEM;13783;1;03/03/2020;LOJ;1;32,25;
FRJ;5007;74511;RV BASE P/R A/B EF GOLDEN BEIGE 30 ML;MAQUIAGEM;59364;2;23/02/2020;LOJ;1;49,92;
FRJ;5008;74511;RV BASE P/R A/B EF GOLDEN BEIGE 30 ML;MAQUIAGEM;13063;2;14/02/2020;LOJ;1;79,31;
FRJ;5008;74511;RV BASE P/R A/B EF GOLDEN BEIGE 30 ML;MAQUIAGEM;5974;2;05/02/2020;LOJ;1;9,46;
QDB;2000;75276;QDB BATOM HID ROSALILA 3,8g RPCK;MAQUIAGEM;23727;1;03/02/2020;LOJ;1;12,45;
QDB;2002;75276;QDB BATOM HID ROSALILA 3,8g RPCK;MAQUIAGEM;23727;1;13/02/2020;LOJ;1;12,47;
QDB;2002;75276;QDB BATOM HID ROSALILA 3,8g RPCK;MAQUIAGEM;66370;1;23/02/2020;LOJ;1;5,41;
QDB;2003;75276;QDB BATOM HID ROSALILA 3,8g RPCK;MAQUIAGEM;53403;1;04/03/2020;LOJ;1;20,18;
QDB;2004;75276;QDB BATOM HID ROSALILA 3,8g RPCK;MAQUIAGEM;95875;1;14/03/2020;LOJ;1;8,69;
QDB;2005;75276;QDB BATOM HID ROSALILA 3,8g RPCK;MAQUIAGEM;9387;1;24/03/2020;LOJ;1;20,18;
QDB;2005;75276;QDB BATOM HID ROSALILA 3,8g RPCK;MAQUIAGEM;102348;1;03/04/2020;LOJ;1;7,07;
QDB;2006;75276;QDB BATOM HID ROSALILA 3,8g RPCK;MAQUIAGEM;95875;1;13/04/2020;LOJ;1;117,94;
QDB;2007;75276;QDB BATOM HID ROSALILA 3,8g RPCK;MAQUIAGEM;108910;2;23/04/2020;LOJ;1;76,43;
QDB;2008;75276;QDB BATOM HID ROSALILA 3,8g RPCK;MAQUIAGEM;20260;3;03/05/2020;LOJ;1;11,23;
QDB;2000;75276;QDB BATOM HID ROSALILA 3,8g RPCK;MAQUIAGEM;23727;1;10/05/2020;LOJ;1;18,68;
QDB;2002;75276;QDB BATOM HID ROSALILA 3,8g RPCK;MAQUIAGEM;23727;1;30/04/2020;LOJ;1;18,70;
QDB;2002;75276;QDB BATOM HID ROSALILA 3,8g RPCK;MAQUIAGEM;66370;1;20/04/2020;LOJ;1;8,11;
QDB;2003;75276;QDB BATOM HID ROSALILA 3,8g RPCK;MAQUIAGEM;53403;1;10/04/2020;LOJ;1;30,26;
QDB;2004;75276;QDB BATOM HID ROSALILA 3,8g RPCK;MAQUIAGEM;95875;1;31/03/2020;LOJ;1;13,03;
QDB;2005;75276;QDB BATOM HID ROSALILA 3,8g RPCK;MAQUIAGEM;9387;1;21/03/2020;LOJ;1;30,26;
QDB;2005;75276;QDB BATOM HID ROSALILA 3,8g RPCK;MAQUIAGEM;102348;1;11/03/2020;LOJ;1;10,60;
QDB;2006;75276;QDB BATOM HID ROSALILA 3,8g RPCK;MAQUIAGEM;95875;1;01/03/2020;LOJ;1;176,91;
QDB;2007;75276;QDB BATOM HID ROSALILA 3,8g RPCK;MAQUIAGEM;108910;2;20/02/2020;LOJ;1;114,64;
QDB;2008;75276;QDB BATOM HID ROSALILA 3,8g RPCK;MAQUIAGEM;20260;3;10/02/2020;LOJ;1;31,11;
QDB;2000;75286;QDB BATOM HID VERMELHADO 3,8g RPCK;MAQUIAGEM;213754;1;06/02/2020;LOJ;1;8,53;
QDB;2002;75286;QDB BATOM HID VERMELHADO 3,8g RPCK;MAQUIAGEM;101644;1;16/02/2020;LOJ;1;18,02;
QDB;2002;75286;QDB BATOM HID VERMELHADO 3,8g RPCK;MAQUIAGEM;22528;1;26/02/2020;LOJ;1;5,85;
QDB;2003;75286;QDB BATOM HID VERMELHADO 3,8g RPCK;MAQUIAGEM;55242;1;07/03/2020;LOJ;1;29,93;
QDB;2004;75286;QDB BATOM HID VERMELHADO 3,8g RPCK;MAQUIAGEM;13783;1;17/03/2020;LOJ;1;10,34;
QDB;2005;75286;QDB BATOM HID VERMELHADO 3,8g RPCK;MAQUIAGEM;14316;1;27/03/2020;LOJ;1;41,93;
QDB;2006;75286;QDB BATOM HID VERMELHADO 3,8g RPCK;MAQUIAGEM;297819;1;06/04/2020;LOJ;1;32,17;
QDB;2006;75286;QDB BATOM HID VERMELHADO 3,8g RPCK;MAQUIAGEM;9408;2;16/04/2020;LOJ;1;13,55;
QDB;2007;75286;QDB BATOM HID VERMELHADO 3,8g RPCK;MAQUIAGEM;38916;2;26/04/2020;LOJ;1;18,68;
QDB;2008;75286;QDB BATOM HID VERMELHADO 3,8g RPCK;MAQUIAGEM;20260;3;06/05/2020;LOJ;1;26,40;
QDB;2000;75286;QDB BATOM HID VERMELHADO 3,8g RPCK;MAQUIAGEM;213754;1;07/05/2020;LOJ;1;12,79;
QDB;2002;75286;QDB BATOM HID VERMELHADO 3,8g RPCK;MAQUIAGEM;101644;1;27/04/2020;LOJ;1;27,02;
QDB;2002;75286;QDB BATOM HID VERMELHADO 3,8g RPCK;MAQUIAGEM;22528;1;17/04/2020;LOJ;1;8,78;
QDB;2003;75286;QDB BATOM HID VERMELHADO 3,8g RPCK;MAQUIAGEM;55242;1;07/04/2020;LOJ;1;44,89;
QDB;2004;75286;QDB BATOM HID VERMELHADO 3,8g RPCK;MAQUIAGEM;13783;1;28/03/2020;LOJ;1;15,51;
QDB;2005;75286;QDB BATOM HID VERMELHADO 3,8g RPCK;MAQUIAGEM;14316;1;18/03/2020;LOJ;1;62,89;
QDB;2006;75286;QDB BATOM HID VERMELHADO 3,8g RPCK;MAQUIAGEM;297819;1;08/03/2020;LOJ;1;48,25;
QDB;2006;75286;QDB BATOM HID VERMELHADO 3,8g RPCK;MAQUIAGEM;9408;2;27/02/2020;LOJ;1;14,67;
QDB;2007;75286;QDB BATOM HID VERMELHADO 3,8g RPCK;MAQUIAGEM;38916;2;17/02/2020;LOJ;1;28,01;
QDB;2008;75286;QDB BATOM HID VERMELHADO 3,8g RPCK;MAQUIAGEM;20260;3;07/02/2020;LOJ;1;39,60;
FRJ;5000;76133;RV ESMLT CREME VALENTINE 14,7 ML;UNHAS;17485;1;05/02/2020;LOJ;1;12,32;
FRJ;5005;76133;RV ESMLT CREME VALENTINE 14,7 ML;UNHAS;23727;1;14/02/2020;LOJ;1;12,45;
FRJ;5005;76133;RV ESMLT CREME VALENTINE 14,7 ML;UNHAS;66370;1;23/02/2020;LOJ;1;5,41;
FRJ;5003;76133;RV ESMLT CREME VALENTINE 14,7 ML;UNHAS;256987;1;03/03/2020;LOJ;1;16,43;
FRJ;5004;76133;RV ESMLT CREME VALENTINE 14,7 ML;UNHAS;286803;1;12/03/2020;LOJ;1;28,56;
FRJ;5004;76133;RV ESMLT CREME VALENTINE 14,7 ML;UNHAS;142725;1;21/03/2020;LOJ;1;17,93;
FRJ;5005;76133;RV ESMLT CREME VALENTINE 14,7 ML;UNHAS;240732;1;30/03/2020;LOJ;1;7,88;
FRJ;5006;76133;RV ESMLT CREME VALENTINE 14,7 ML;UNHAS;19047;3;08/04/2020;LOJ;1;30,60;
FRJ;5006;76133;RV ESMLT CREME VALENTINE 14,7 ML;UNHAS;19594;1;17/04/2020;LOJ;1;12,45;
FRJ;5007;76133;RV ESMLT CREME VALENTINE 14,7 ML;UNHAS;38916;2;26/04/2020;LOJ;1;18,68;
FRJ;5008;76133;RV ESMLT CREME VALENTINE 14,7 ML;UNHAS;20260;3;05/05/2020;LOJ;1;26,40;
FRJ;5000;76133;RV ESMLT CREME VALENTINE 14,7 ML;UNHAS;3922;1;09/05/2020;LOJ;1;17,44;
FRJ;5005;76133;RV ESMLT CREME VALENTINE 14,7 ML;UNHAS;23727;1;30/04/2020;LOJ;1;18,70;
FRJ;5005;76133;RV ESMLT CREME VALENTINE 14,7 ML;UNHAS;258601;1;21/04/2020;LOJ;1;179,66;
FRJ;5003;76133;RV ESMLT CREME VALENTINE 14,7 ML;UNHAS;256987;1;12/04/2020;LOJ;1;24,64;
FRJ;5004;76133;RV ESMLT CREME VALENTINE 14,7 ML;UNHAS;39964;1;03/04/2020;LOJ;1;43,07;
FRJ;5004;76133;RV ESMLT CREME VALENTINE 14,7 ML;UNHAS;95875;1;25/03/2020;LOJ;1;52,35;
FRJ;5005;76133;RV ESMLT CREME VALENTINE 14,7 ML;UNHAS;75990;1;16/03/2020;LOJ;1;11,81;
FRJ;5006;76133;RV ESMLT CREME VALENTINE 14,7 ML;UNHAS;192441;1;07/03/2020;LOJ;1;50,31;
FRJ;5006;76133;RV ESMLT CREME VALENTINE 14,7 ML;UNHAS;9408;2;27/02/2020;LOJ;1;14,67;
FRJ;5007;76133;RV ESMLT CREME VALENTINE 14,7 ML;UNHAS;451243;1;18/02/2020;LOJ;1;111,36;
FRJ;5008;76133;RV ESMLT CREME VALENTINE 14,7 ML;UNHAS;20260;3;09/02/2020;LOJ;1;49,61;
FRJ;5000;76232;SC ESMALTE GOGO GIRL 15 ML;UNHAS;213754;1;08/02/2020;LOJ;1;12,32;
FRJ;5005;76232;SC ESMALTE GOGO GIRL 15 ML;UNHAS;37015;1;17/02/2020;LOJ;1;20,76;
FRJ;5005;76232;SC ESMALTE GOGO GIRL 15 ML;UNHAS;22528;1;26/02/2020;LOJ;1;5,85;
FRJ;5003;76232;SC ESMALTE GOGO GIRL 15 ML;UNHAS;21957;1;06/03/2020;LOJ;1;29,93;
FRJ;5004;76232;SC ESMALTE GOGO GIRL 15 ML;UNHAS;117424;2;15/03/2020;LOJ;1;14,98;
FRJ;5005;76232;SC ESMALTE GOGO GIRL 15 ML;UNHAS;9387;1;24/03/2020;LOJ;1;20,18;
FRJ;5005;76232;SC ESMALTE GOGO GIRL 15 ML;UNHAS;41230;1;02/04/2020;LOJ;1;71,93;
FRJ;5006;76232;SC ESMALTE GOGO GIRL 15 ML;UNHAS;13783;1;11/04/2020;LOJ;1;21,50;
FRJ;5007;76232;SC ESMALTE GOGO GIRL 15 ML;UNHAS;59364;2;20/04/2020;LOJ;1;33,28;
FRJ;5008;76232;SC ESMALTE GOGO GIRL 15 ML;UNHAS;13063;2;29/04/2020;LOJ;1;52,88;
FRJ;5008;76232;SC ESMALTE GOGO GIRL 15 ML;UNHAS;5974;2;08/05/2020;LOJ;1;6,31;
FRJ;5000;76232;SC ESMALTE GOGO GIRL 15 ML;UNHAS;213754;1;06/05/2020;LOJ;1;18,48;
FRJ;5005;76232;SC ESMALTE GOGO GIRL 15 ML;UNHAS;101644;1;27/04/2020;LOJ;1;27,02;
FRJ;5005;76232;SC ESMALTE GOGO GIRL 15 ML;UNHAS;76416;1;18/04/2020;LOJ;1;8,60;
FRJ;5003;76232;SC ESMALTE GOGO GIRL 15 ML;UNHAS;638148;1;09/04/2020;LOJ;1;59,51;
FRJ;5004;76232;SC ESMALTE GOGO GIRL 15 ML;UNHAS;95875;1;31/03/2020;LOJ;1;13,03;
FRJ;5005;76232;SC ESMALTE GOGO GIRL 15 ML;UNHAS;44055;1;22/03/2020;LOJ;1;67,39;
FRJ;5005;76232;SC ESMALTE GOGO GIRL 15 ML;UNHAS;11148;1;13/03/2020;LOJ;1;28,01;
FRJ;5006;76232;SC ESMALTE GOGO GIRL 15 ML;UNHAS;95875;1;04/03/2020;LOJ;1;24,17;
FRJ;5007;76232;SC ESMALTE GOGO GIRL 15 ML;UNHAS;26275;3;24/02/2020;LOJ;1;101,14;
FRJ;5007;76232;SC ESMALTE GOGO GIRL 15 ML;UNHAS;4659;3;15/02/2020;LOJ;1;88,97;
FRJ;5008;76232;SC ESMALTE GOGO GIRL 15 ML;UNHAS;20260;3;06/02/2020;LOJ;1;29,77;
QDB;2000;76968;QDB BAS AQUA HIDRATANTE COR 03 Q 30ml;MAQUIAGEM;145381;1;11/02/2020;LOJ;1;11,50;
QDB;2002;76968;QDB BAS AQUA HIDRATANTE COR 03 Q 30ml;MAQUIAGEM;9387;1;21/02/2020;LOJ;1;20,84;
QDB;2003;76968;QDB BAS AQUA HIDRATANTE COR 03 Q 30ml;MAQUIAGEM;256987;1;02/03/2020;LOJ;1;16,43;
QDB;2004;76968;QDB BAS AQUA HIDRATANTE COR 03 Q 30ml;MAQUIAGEM;286803;1;12/03/2020;LOJ;1;28,56;
QDB;2004;76968;QDB BAS AQUA HIDRATANTE COR 03 Q 30ml;MAQUIAGEM;9387;1;22/03/2020;LOJ;1;11,93;
QDB;2005;76968;QDB BAS AQUA HIDRATANTE COR 03 Q 30ml;MAQUIAGEM;11148;1;01/04/2020;LOJ;1;18,68;
QDB;2006;76968;QDB BAS AQUA HIDRATANTE COR 03 Q 30ml;MAQUIAGEM;13783;1;11/04/2020;LOJ;1;21,50;
QDB;2007;76968;QDB BAS AQUA HIDRATANTE COR 03 Q 30ml;MAQUIAGEM;31924;1;21/04/2020;LOJ;1;97,43;
QDB;2008;76968;QDB BAS AQUA HIDRATANTE COR 03 Q 30ml;MAQUIAGEM;20260;3;01/05/2020;LOJ;1;19,18;
QDB;2008;76968;QDB BAS AQUA HIDRATANTE COR 03 Q 30ml;MAQUIAGEM;102916;1;11/05/2020;LOJ;1;32,18;
QDB;2000;76968;QDB BAS AQUA HIDRATANTE COR 03 Q 30ml;MAQUIAGEM;145381;1;02/05/2020;LOJ;1;17,25;
QDB;2002;76968;QDB BAS AQUA HIDRATANTE COR 03 Q 30ml;MAQUIAGEM;9387;1;22/04/2020;LOJ;1;31,25;
QDB;2003;76968;QDB BAS AQUA HIDRATANTE COR 03 Q 30ml;MAQUIAGEM;256987;1;12/04/2020;LOJ;1;24,64;
QDB;2004;76968;QDB BAS AQUA HIDRATANTE COR 03 Q 30ml;MAQUIAGEM;286803;1;02/04/2020;LOJ;1;42,84;
QDB;2004;76968;QDB BAS AQUA HIDRATANTE COR 03 Q 30ml;MAQUIAGEM;9387;1;23/03/2020;LOJ;1;17,89;
QDB;2005;76968;QDB BAS AQUA HIDRATANTE COR 03 Q 30ml;MAQUIAGEM;11148;1;13/03/2020;LOJ;1;28,01;
QDB;2006;76968;QDB BAS AQUA HIDRATANTE COR 03 Q 30ml;MAQUIAGEM;13783;1;03/03/2020;LOJ;1;32,25;
QDB;2007;76968;QDB BAS AQUA HIDRATANTE COR 03 Q 30ml;MAQUIAGEM;31924;1;22/02/2020;LOJ;1;146,14;
QDB;2008;76968;QDB BAS AQUA HIDRATANTE COR 03 Q 30ml;MAQUIAGEM;20260;3;12/02/2020;LOJ;1;28,77;
QDB;2008;76968;QDB BAS AQUA HIDRATANTE COR 03 Q 30ml;MAQUIAGEM;102916;1;02/02/2020;LOJ;1;48,26;
BOT;1002;77003;COMB NSPA CAVIAR SELL IN NAT/18;GIFTS;131428;1;27/02/2020;LOJ;1;41,85;
BOT;1006;77003;COMB NSPA CAVIAR SELL IN NAT/18;GIFTS;19047;3;08/04/2020;LOJ;1;61,20;
BOT;1002;77003;COMB NSPA CAVIAR SELL IN NAT/18;GIFTS;131428;1;16/04/2020;LOJ;1;69,75;
BOT;1006;77003;COMB NSPA CAVIAR SELL IN NAT/18;GIFTS;19047;3;06/03/2020;LOJ;1;102,00;
FRJ;5000;78137;VULT TON FAC HID 180ml;CUIDADOS FACIAIS;213754;1;10/02/2020;LOJ;1;12,32;
FRJ;5005;78137;VULT TON FAC HID 180ml;CUIDADOS FACIAIS;118600;1;19/02/2020;LOJ;1;20,76;
FRJ;5003;78137;VULT TON FAC HID 180ml;CUIDADOS FACIAIS;118362;1;28/02/2020;LOJ;1;20,93;
FRJ;5003;78137;VULT TON FAC HID 180ml;CUIDADOS FACIAIS;199642;1;08/03/2020;LOJ;1;39,68;
FRJ;5004;78137;VULT TON FAC HID 180ml;CUIDADOS FACIAIS;13783;1;17/03/2020;LOJ;1;10,34;
FRJ;5005;78137;VULT TON FAC HID 180ml;CUIDADOS FACIAIS;139;1;26/03/2020;LOJ;1;10,43;
FRJ;5005;78137;VULT TON FAC HID 180ml;CUIDADOS FACIAIS;139344;1;04/04/2020;LOJ;1;5,75;
FRJ;5006;78137;VULT TON FAC HID 180ml;CUIDADOS FACIAIS;95875;1;13/04/2020;LOJ;1;117,94;
FRJ;5007;78137;VULT TON FAC HID 180ml;CUIDADOS FACIAIS;3616;2;22/04/2020;LOJ;1;25,43;
FRJ;5008;78137;VULT TON FAC HID 180ml;CUIDADOS FACIAIS;20260;3;01/05/2020;LOJ;1;19,18;
FRJ;5008;78137;VULT TON FAC HID 180ml;CUIDADOS FACIAIS;98641;2;10/05/2020;LOJ;1;9,74;
FRJ;5000;78137;VULT TON FAC HID 180ml;CUIDADOS FACIAIS;213754;1;04/05/2020;LOJ;1;18,48;
FRJ;5005;78137;VULT TON FAC HID 180ml;CUIDADOS FACIAIS;257323;1;25/04/2020;LOJ;1;31,23;
FRJ;5005;78137;VULT TON FAC HID 180ml;CUIDADOS FACIAIS;131428;1;16/04/2020;LOJ;1;31,39;
FRJ;5003;78137;VULT TON FAC HID 180ml;CUIDADOS FACIAIS;55242;1;07/04/2020;LOJ;1;44,89;
FRJ;5004;78137;VULT TON FAC HID 180ml;CUIDADOS FACIAIS;13783;1;29/03/2020;LOJ;1;15,51;
FRJ;5005;78137;VULT TON FAC HID 180ml;CUIDADOS FACIAIS;7687;1;20/03/2020;LOJ;1;76,39;
FRJ;5005;78137;VULT TON FAC HID 180ml;CUIDADOS FACIAIS;102348;1;11/03/2020;LOJ;1;10,60;
FRJ;5006;78137;VULT TON FAC HID 180ml;CUIDADOS FACIAIS;144108;1;02/03/2020;LOJ;1;206,81;
FRJ;5007;78137;VULT TON FAC HID 180ml;CUIDADOS FACIAIS;31924;1;22/02/2020;LOJ;1;146,14;
FRJ;5008;78137;VULT TON FAC HID 180ml;CUIDADOS FACIAIS;20260;3;13/02/2020;LOJ;1;24,81;
FRJ;5008;78137;VULT TON FAC HID 180ml;CUIDADOS FACIAIS;5974;2;04/02/2020;LOJ;1;136,67;
QDB;2000;79778;QDB CORRET FAC AQUA HID COR 8 9ml;MAQUIAGEM;23727;1;02/02/2020;LOJ;1;12,45;
QDB;2002;79778;QDB CORRET FAC AQUA HID COR 8 9ml;MAQUIAGEM;77623;1;12/02/2020;LOJ;1;16,28;
QDB;2002;79778;QDB CORRET FAC AQUA HID COR 8 9ml;MAQUIAGEM;258601;1;22/02/2020;LOJ;1;119,78;
QDB;2003;79778;QDB CORRET FAC AQUA HID COR 8 9ml;MAQUIAGEM;256987;1;03/03/2020;LOJ;1;16,43;
QDB;2004;79778;QDB CORRET FAC AQUA HID COR 8 9ml;MAQUIAGEM;7909;1;13/03/2020;LOJ;1;9,59;
QDB;2005;79778;QDB CORRET FAC AQUA HID COR 8 9ml;MAQUIAGEM;44055;1;23/03/2020;LOJ;1;44,93;
QDB;2005;79778;QDB CORRET FAC AQUA HID COR 8 9ml;MAQUIAGEM;41230;1;02/04/2020;LOJ;1;71,93;
QDB;2006;79778;QDB CORRET FAC AQUA HID COR 8 9ml;MAQUIAGEM;144108;1;12/04/2020;LOJ;1;137,87;
QDB;2007;79778;QDB CORRET FAC AQUA HID COR 8 9ml;MAQUIAGEM;3616;2;22/04/2020;LOJ;1;25,43;
QDB;2008;79778;QDB CORRET FAC AQUA HID COR 8 9ml;MAQUIAGEM;20260;3;02/05/2020;LOJ;1;5,95;
QDB;2000;79778;QDB CORRET FAC AQUA HID COR 8 9ml;MAQUIAGEM;23727;1;11/05/2020;LOJ;1;18,68;
QDB;2002;79778;QDB CORRET FAC AQUA HID COR 8 9ml;MAQUIAGEM;77623;1;01/05/2020;LOJ;1;24,41;
QDB;2002;79778;QDB CORRET FAC AQUA HID COR 8 9ml;MAQUIAGEM;258601;1;21/04/2020;LOJ;1;179,66;
QDB;2003;79778;QDB CORRET FAC AQUA HID COR 8 9ml;MAQUIAGEM;256987;1;11/04/2020;LOJ;1;24,64;
QDB;2004;79778;QDB CORRET FAC AQUA HID COR 8 9ml;MAQUIAGEM;7909;1;01/04/2020;LOJ;1;14,38;
QDB;2005;79778;QDB CORRET FAC AQUA HID COR 8 9ml;MAQUIAGEM;44055;1;22/03/2020;LOJ;1;67,39;
QDB;2005;79778;QDB CORRET FAC AQUA HID COR 8 9ml;MAQUIAGEM;41230;1;12/03/2020;LOJ;1;107,89;
QDB;2006;79778;QDB CORRET FAC AQUA HID COR 8 9ml;MAQUIAGEM;144108;1;02/03/2020;LOJ;1;206,81;
QDB;2007;79778;QDB CORRET FAC AQUA HID COR 8 9ml;MAQUIAGEM;3616;2;21/02/2020;LOJ;1;38,14;
QDB;2008;79778;QDB CORRET FAC AQUA HID COR 8 9ml;MAQUIAGEM;20260;3;11/02/2020;LOJ;1;8,92;
BOT;1003;80338;MOCHILA COSTAS;ACESSÓRIOS;256987;1;03/03/2020;LOJ;1;32,85;
BOT;1006;80338;MOCHILA COSTAS;ACESSÓRIOS;95875;1;13/04/2020;LOJ;1;235,88;
BOT;1003;80338;MOCHILA COSTAS;ACESSÓRIOS;256987;1;11/04/2020;LOJ;1;54,75;
BOT;1006;80338;MOCHILA COSTAS;ACESSÓRIOS;95875;1;01/03/2020;LOJ;1;393,13;
BOT;1000;80467;MATCH LEAV CAP OP/VERAO 150ml;CABELOS;3922;1;04/02/2020;LOJ;1;23,25;
BOT;1004;80467;MATCH LEAV CAP OP/VERAO 150ml;CABELOS;13783;1;16/03/2020;LOJ;1;20,69;
BOT;1007;80467;MATCH LEAV CAP OP/VERAO 150ml;CABELOS;38916;2;26/04/2020;LOJ;1;37,35;
BOT;1000;80467;MATCH LEAV CAP OP/VERAO 150ml;CABELOS;3922;1;09/05/2020;LOJ;1;38,75;
BOT;1004;80467;MATCH LEAV CAP OP/VERAO 150ml;CABELOS;13783;1;29/03/2020;LOJ;1;34,48;
BOT;1007;80467;MATCH LEAV CAP OP/VERAO 150ml;CABELOS;38916;2;17/02/2020;LOJ;1;62,25;
FRJ;5000;80797;VULT BATOM WE LOVE TINT CHUV/LIKE 8ml;MAQUIAGEM;23727;1;02/02/2020;LOJ;1;12,45;
FRJ;5000;80797;VULT BATOM WE LOVE TINT CHUV/LIKE 8ml;MAQUIAGEM;145381;1;11/02/2020;LOJ;1;11,50;
FRJ;5005;80797;VULT BATOM WE LOVE TINT CHUV/LIKE 8ml;MAQUIAGEM;18480;1;20/02/2020;LOJ;1;20,75;
FRJ;5003;80797;VULT BATOM WE LOVE TINT CHUV/LIKE 8ml;MAQUIAGEM;12616;1;29/02/2020;LOJ;1;41,18;
FRJ;5003;80797;VULT BATOM WE LOVE TINT CHUV/LIKE 8ml;MAQUIAGEM;121665;1;09/03/2020;LOJ;1;26,23;
FRJ;5004;80797;VULT BATOM WE LOVE TINT CHUV/LIKE 8ml;MAQUIAGEM;39964;1;18/03/2020;LOJ;1;69,00;
FRJ;5005;80797;VULT BATOM WE LOVE TINT CHUV/LIKE 8ml;MAQUIAGEM;14316;1;27/03/2020;LOJ;1;41,93;
FRJ;5005;80797;VULT BATOM WE LOVE TINT CHUV/LIKE 8ml;MAQUIAGEM;247125;1;05/04/2020;LOJ;1;41,51;
FRJ;5006;80797;VULT BATOM WE LOVE TINT CHUV/LIKE 8ml;MAQUIAGEM;38604;1;14/04/2020;LOJ;1;72,73;
FRJ;5007;80797;VULT BATOM WE LOVE TINT CHUV/LIKE 8ml;MAQUIAGEM;108910;2;23/04/2020;LOJ;1;76,43;
FRJ;5008;80797;VULT BATOM WE LOVE TINT CHUV/LIKE 8ml;MAQUIAGEM;20260;3;02/05/2020;LOJ;1;5,95;
FRJ;5008;80797;VULT BATOM WE LOVE TINT CHUV/LIKE 8ml;MAQUIAGEM;102916;1;11/05/2020;LOJ;1;32,18;
FRJ;5000;80797;VULT BATOM WE LOVE TINT CHUV/LIKE 8ml;MAQUIAGEM;213754;1;03/05/2020;LOJ;1;18,48;
FRJ;5005;80797;VULT BATOM WE LOVE TINT CHUV/LIKE 8ml;MAQUIAGEM;118600;1;24/04/2020;LOJ;1;31,14;
FRJ;5003;80797;VULT BATOM WE LOVE TINT CHUV/LIKE 8ml;MAQUIAGEM;118362;1;15/04/2020;LOJ;1;31,39;
FRJ;5003;80797;VULT BATOM WE LOVE TINT CHUV/LIKE 8ml;MAQUIAGEM;199642;1;06/04/2020;LOJ;1;59,51;
FRJ;5004;80797;VULT BATOM WE LOVE TINT CHUV/LIKE 8ml;MAQUIAGEM;13783;1;28/03/2020;LOJ;1;15,51;
FRJ;5005;80797;VULT BATOM WE LOVE TINT CHUV/LIKE 8ml;MAQUIAGEM;139;1;19/03/2020;LOJ;1;15,64;
FRJ;5005;80797;VULT BATOM WE LOVE TINT CHUV/LIKE 8ml;MAQUIAGEM;139344;1;10/03/2020;LOJ;1;8,62;
FRJ;5006;80797;VULT BATOM WE LOVE TINT CHUV/LIKE 8ml;MAQUIAGEM;95875;1;01/03/2020;LOJ;1;176,91;
FRJ;5007;80797;VULT BATOM WE LOVE TINT CHUV/LIKE 8ml;MAQUIAGEM;3616;2;21/02/2020;LOJ;1;38,14;
FRJ;5008;80797;VULT BATOM WE LOVE TINT CHUV/LIKE 8ml;MAQUIAGEM;20260;3;12/02/2020;LOJ;1;28,77;
FRJ;5008;80797;VULT BATOM WE LOVE TINT CHUV/LIKE 8ml;MAQUIAGEM;98641;2;03/02/2020;LOJ;1;14,61;
QDB;2000;81559;QDB BAT MAT ALT PIG CASTANHITO 3,8g RPCK;MAQUIAGEM;213754;1;08/02/2020;LOJ;1;12,32;
QDB;2002;81559;QDB BAT MAT ALT PIG CASTANHITO 3,8g RPCK;MAQUIAGEM;257323;1;18/02/2020;LOJ;1;20,82;
QDB;2003;81559;QDB BAT MAT ALT PIG CASTANHITO 3,8g RPCK;MAQUIAGEM;118362;1;28/02/2020;LOJ;1;20,93;
QDB;2003;81559;QDB BAT MAT ALT PIG CASTANHITO 3,8g RPCK;MAQUIAGEM;121665;1;09/03/2020;LOJ;1;26,23;
QDB;2004;81559;QDB BAT MAT ALT PIG CASTANHITO 3,8g RPCK;MAQUIAGEM;95875;1;19/03/2020;LOJ;1;59,87;
QDB;2005;81559;QDB BAT MAT ALT PIG CASTANHITO 3,8g RPCK;MAQUIAGEM;75990;1;29/03/2020;LOJ;1;7,88;
QDB;2006;81559;QDB BAT MAT ALT PIG CASTANHITO 3,8g RPCK;MAQUIAGEM;19047;3;08/04/2020;LOJ;1;30,60;
QDB;2007;81559;QDB BAT MAT ALT PIG CASTANHITO 3,8g RPCK;MAQUIAGEM;113287;1;18/04/2020;LOJ;1;15,17;
QDB;2007;81559;QDB BAT MAT ALT PIG CASTANHITO 3,8g RPCK;MAQUIAGEM;4659;3;28/04/2020;LOJ;1;59,31;
QDB;2008;81559;QDB BAT MAT ALT PIG CASTANHITO 3,8g RPCK;MAQUIAGEM;5974;2;08/05/2020;LOJ;1;6,31;
QDB;2000;81559;QDB BAT MAT ALT PIG CASTANHITO 3,8g RPCK;MAQUIAGEM;213754;1;05/05/2020;LOJ;1;18,48;
QDB;2002;81559;QDB BAT MAT ALT PIG CASTANHITO 3,8g RPCK;MAQUIAGEM;257323;1;25/04/2020;LOJ;1;31,23;
QDB;2003;81559;QDB BAT MAT ALT PIG CASTANHITO 3,8g RPCK;MAQUIAGEM;118362;1;15/04/2020;LOJ;1;31,39;
QDB;2003;81559;QDB BAT MAT ALT PIG CASTANHITO 3,8g RPCK;MAQUIAGEM;121665;1;05/04/2020;LOJ;1;39,34;
QDB;2004;81559;QDB BAT MAT ALT PIG CASTANHITO 3,8g RPCK;MAQUIAGEM;95875;1;26/03/2020;LOJ;1;89,81;
QDB;2005;81559;QDB BAT MAT ALT PIG CASTANHITO 3,8g RPCK;MAQUIAGEM;75990;1;16/03/2020;LOJ;1;11,81;
QDB;2006;81559;QDB BAT MAT ALT PIG CASTANHITO 3,8g RPCK;MAQUIAGEM;19047;3;06/03/2020;LOJ;1;45,90;
QDB;2007;81559;QDB BAT MAT ALT PIG CASTANHITO 3,8g RPCK;MAQUIAGEM;113287;1;25/02/2020;LOJ;1;1,96;
QDB;2007;81559;QDB BAT MAT ALT PIG CASTANHITO 3,8g RPCK;MAQUIAGEM;4659;3;15/02/2020;LOJ;1;88,97;
QDB;2008;81559;QDB BAT MAT ALT PIG CASTANHITO 3,8g RPCK;MAQUIAGEM;5974;2;05/02/2020;LOJ;1;9,46;
FRJ;5000;81732;VULT PO COMP BASIC PC10 9g;MAQUIAGEM;213754;1;06/02/2020;LOJ;1;8,53;
FRJ;5005;81732;VULT PO COMP BASIC PC10 9g;MAQUIAGEM;99193;1;15/02/2020;LOJ;1;16,21;
FRJ;5005;81732;VULT PO COMP BASIC PC10 9g;MAQUIAGEM;17755;1;24/02/2020;LOJ;1;6,23;
FRJ;5003;81732;VULT PO COMP BASIC PC10 9g;MAQUIAGEM;53403;1;04/03/2020;LOJ;1;20,18;
FRJ;5004;81732;VULT PO COMP BASIC PC10 9g;MAQUIAGEM;7909;1;13/03/2020;LOJ;1;9,59;
FRJ;5004;81732;VULT PO COMP BASIC PC10 9g;MAQUIAGEM;9387;1;22/03/2020;LOJ;1;11,93;
FRJ;5005;81732;VULT PO COMP BASIC PC10 9g;MAQUIAGEM;15204;1;31/03/2020;LOJ;1;33,68;
FRJ;5006;81732;VULT PO COMP BASIC PC10 9g;MAQUIAGEM;95875;1;09/04/2020;LOJ;1;18,05;
FRJ;5007;81732;VULT PO COMP BASIC PC10 9g;MAQUIAGEM;113287;1;18/04/2020;LOJ;1;15,17;
FRJ;5007;81732;VULT PO COMP BASIC PC10 9g;MAQUIAGEM;119688;2;27/04/2020;LOJ;1;30,83;
FRJ;5008;81732;VULT PO COMP BASIC PC10 9g;MAQUIAGEM;20260;3;06/05/2020;LOJ;1;26,40;
FRJ;5000;81732;VULT PO COMP BASIC PC10 9g;MAQUIAGEM;17485;1;08/05/2020;LOJ;1;18,47;
FRJ;5005;81732;VULT PO COMP BASIC PC10 9g;MAQUIAGEM;23727;1;29/04/2020;LOJ;1;18,68;
FRJ;5005;81732;VULT PO COMP BASIC PC10 9g;MAQUIAGEM;66370;1;20/04/2020;LOJ;1;8,11;
FRJ;5003;81732;VULT PO COMP BASIC PC10 9g;MAQUIAGEM;256987;1;11/04/2020;LOJ;1;24,64;
FRJ;5004;81732;VULT PO COMP BASIC PC10 9g;MAQUIAGEM;286803;1;02/04/2020;LOJ;1;42,84;
FRJ;5004;81732;VULT PO COMP BASIC PC10 9g;MAQUIAGEM;142725;1;24/03/2020;LOJ;1;26,89;
FRJ;5005;81732;VULT PO COMP BASIC PC10 9g;MAQUIAGEM;240732;1;15/03/2020;LOJ;1;11,81;
FRJ;5006;81732;VULT PO COMP BASIC PC10 9g;MAQUIAGEM;19047;3;06/03/2020;LOJ;1;45,90;
FRJ;5006;81732;VULT PO COMP BASIC PC10 9g;MAQUIAGEM;19594;1;26/02/2020;LOJ;1;22,98;
FRJ;5007;81732;VULT PO COMP BASIC PC10 9g;MAQUIAGEM;38916;2;17/02/2020;LOJ;1;28,01;
FRJ;5008;81732;VULT PO COMP BASIC PC10 9g;MAQUIAGEM;20260;3;08/02/2020;LOJ;1;39,60;
BOT;1000;84061;COMB QUASAR 2020;GIFTS;213754;1;06/02/2020;LOJ;1;17,06;
BOT;1004;84061;COMB QUASAR 2020;GIFTS;39964;1;18/03/2020;LOJ;1;138,00;
BOT;1007;84061;COMB QUASAR 2020;GIFTS;4659;3;28/04/2020;LOJ;1;118,62;
BOT;1000;84061;COMB QUASAR 2020;GIFTS;213754;1;07/05/2020;LOJ;1;28,43;
BOT;1004;84061;COMB QUASAR 2020;GIFTS;39964;1;27/03/2020;LOJ;1;230,00;
BOT;1007;84061;COMB QUASAR 2020;GIFTS;4659;3;15/02/2020;LOJ;1;197,70;
EUD;3000;91847;EUD NECESS CJ VIAG ROSA G POLIEST C/A;ACESSÓRIOS;213754;1;07/02/2020;VD;1;39,29;
EUD;3002;91847;EUD NECESS CJ VIAG ROSA G POLIEST C/A;ACESSÓRIOS;66370;1;23/02/2020;VD;1;11,63;
EUD;3003;91847;EUD NECESS CJ VIAG ROSA G POLIEST C/A;ACESSÓRIOS;51312;1;10/03/2020;VD;1;98,72;
EUD;3005;91847;EUD NECESS CJ VIAG ROSA G POLIEST C/A;ACESSÓRIOS;139;1;26/03/2020;VD;1;31,70;
EUD;3006;91847;EUD NECESS CJ VIAG ROSA G POLIEST C/A;ACESSÓRIOS;13783;1;11/04/2020;VD;1;76,01;
EUD;3007;91847;EUD NECESS CJ VIAG ROSA G POLIEST C/A;ACESSÓRIOS;119688;2;27/04/2020;VD;1;113,33;
EUD;3000;91847;EUD NECESS CJ VIAG ROSA G POLIEST C/A;ACESSÓRIOS;23727;1;10/05/2020;VD;1;73,00;
EUD;3002;91847;EUD NECESS CJ VIAG ROSA G POLIEST C/A;ACESSÓRIOS;118600;1;24/04/2020;VD;1;128,40;
EUD;3003;91847;EUD NECESS CJ VIAG ROSA G POLIEST C/A;ACESSÓRIOS;21957;1;08/04/2020;VD;1;189,50;
EUD;3004;91847;EUD NECESS CJ VIAG ROSA G POLIEST C/A;ACESSÓRIOS;9387;1;23/03/2020;VD;1;69,50;
EUD;3006;91847;EUD NECESS CJ VIAG ROSA G POLIEST C/A;ACESSÓRIOS;192441;1;07/03/2020;VD;1;213,60;
EUD;3007;91847;EUD NECESS CJ VIAG ROSA G POLIEST C/A;ACESSÓRIOS;108910;2;20/02/2020;VD;1;499,50;
EUD;3008;91847;EUD NECESS CJ VIAG ROSA G POLIEST C/A;ACESSÓRIOS;5974;2;04/02/2020;VD;1;597,40;
BBX;4000;91847;EUD NECESS CJ VIAG ROSA G POLIEST C/A;ACESSÓRIOS;213754;1;07/02/2020;LOJ;1;39,29;
BBX;4002;91847;EUD NECESS CJ VIAG ROSA G POLIEST C/A;ACESSÓRIOS;66370;1;23/02/2020;LOJ;1;11,63;
BBX;4003;91847;EUD NECESS CJ VIAG ROSA G POLIEST C/A;ACESSÓRIOS;51312;1;10/03/2020;LOJ;1;98,72;
BBX;4005;91847;EUD NECESS CJ VIAG ROSA G POLIEST C/A;ACESSÓRIOS;139;1;26/03/2020;LOJ;1;31,70;
BBX;4006;91847;EUD NECESS CJ VIAG ROSA G POLIEST C/A;ACESSÓRIOS;13783;1;11/04/2020;LOJ;1;76,01;
BBX;4007;91847;EUD NECESS CJ VIAG ROSA G POLIEST C/A;ACESSÓRIOS;119688;2;27/04/2020;LOJ;1;113,33;
BBX;4000;91847;EUD NECESS CJ VIAG ROSA G POLIEST C/A;ACESSÓRIOS;23727;1;10/05/2020;LOJ;1;73,00;
BBX;4002;91847;EUD NECESS CJ VIAG ROSA G POLIEST C/A;ACESSÓRIOS;118600;1;24/04/2020;LOJ;1;128,40;
BBX;4003;91847;EUD NECESS CJ VIAG ROSA G POLIEST C/A;ACESSÓRIOS;21957;1;08/04/2020;LOJ;1;189,50;
BBX;4004;91847;EUD NECESS CJ VIAG ROSA G POLIEST C/A;ACESSÓRIOS;9387;1;23/03/2020;LOJ;1;69,50;
BBX;4006;91847;EUD NECESS CJ VIAG ROSA G POLIEST C/A;ACESSÓRIOS;192441;1;07/03/2020;LOJ;1;213,60;
BBX;4007;91847;EUD NECESS CJ VIAG ROSA G POLIEST C/A;ACESSÓRIOS;108910;2;20/02/2020;LOJ;1;499,50;
BBX;4008;91847;EUD NECESS CJ VIAG ROSA G POLIEST C/A;ACESSÓRIOS;5974;2;04/02/2020;LOJ;1;597,40;
EUD;3000;91863;EUD MALET MAQ QUADR SPIKE PTA M ABS C/A;ACESSÓRIOS;213754;1;08/02/2020;VD;1;39,29;
EUD;3002;91863;EUD MALET MAQ QUADR SPIKE PTA M ABS C/A;ACESSÓRIOS;17755;1;24/02/2020;VD;1;14,93;
EUD;3004;91863;EUD MALET MAQ QUADR SPIKE PTA M ABS C/A;ACESSÓRIOS;39964;1;11/03/2020;VD;1;104,84;
EUD;3005;91863;EUD MALET MAQ QUADR SPIKE PTA M ABS C/A;ACESSÓRIOS;14316;1;27/03/2020;VD;1;157,70;
EUD;3006;91863;EUD MALET MAQ QUADR SPIKE PTA M ABS C/A;ACESSÓRIOS;144108;1;12/04/2020;VD;1;541,49;
EUD;3007;91863;EUD MALET MAQ QUADR SPIKE PTA M ABS C/A;ACESSÓRIOS;4659;3;28/04/2020;VD;1;227,24;
EUD;3000;91863;EUD MALET MAQ QUADR SPIKE PTA M ABS C/A;ACESSÓRIOS;3922;1;09/05/2020;VD;1;67,50;
EUD;3002;91863;EUD MALET MAQ QUADR SPIKE PTA M ABS C/A;ACESSÓRIOS;18480;1;23/04/2020;VD;1;128,30;
EUD;3003;91863;EUD MALET MAQ QUADR SPIKE PTA M ABS C/A;ACESSÓRIOS;55242;1;07/04/2020;VD;1;189,50;
EUD;3005;91863;EUD MALET MAQ QUADR SPIKE PTA M ABS C/A;ACESSÓRIOS;44055;1;22/03/2020;VD;1;289,50;
EUD;3006;91863;EUD MALET MAQ QUADR SPIKE PTA M ABS C/A;ACESSÓRIOS;19047;3;06/03/2020;VD;1;194,00;
EUD;3007;91863;EUD MALET MAQ QUADR SPIKE PTA M ABS C/A;ACESSÓRIOS;50461;2;19/02/2020;VD;1;564,50;
EUD;3008;91863;EUD MALET MAQ QUADR SPIKE PTA M ABS C/A;ACESSÓRIOS;98641;2;03/02/2020;VD;1;54,95;
BBX;4000;91863;EUD MALET MAQ QUADR SPIKE PTA M ABS C/A;ACESSÓRIOS;213754;1;08/02/2020;LOJ;1;39,29;
BBX;4002;91863;EUD MALET MAQ QUADR SPIKE PTA M ABS C/A;ACESSÓRIOS;17755;1;24/02/2020;LOJ;1;14,93;
BBX;4004;91863;EUD MALET MAQ QUADR SPIKE PTA M ABS C/A;ACESSÓRIOS;39964;1;11/03/2020;LOJ;1;104,84;
BBX;4005;91863;EUD MALET MAQ QUADR SPIKE PTA M ABS C/A;ACESSÓRIOS;14316;1;27/03/2020;LOJ;1;157,70;
BBX;4006;91863;EUD MALET MAQ QUADR SPIKE PTA M ABS C/A;ACESSÓRIOS;144108;1;12/04/2020;LOJ;1;541,49;
BBX;4007;91863;EUD MALET MAQ QUADR SPIKE PTA M ABS C/A;ACESSÓRIOS;4659;3;28/04/2020;LOJ;1;227,24;
BBX;4000;91863;EUD MALET MAQ QUADR SPIKE PTA M ABS C/A;ACESSÓRIOS;3922;1;09/05/2020;LOJ;1;67,50;
BBX;4002;91863;EUD MALET MAQ QUADR SPIKE PTA M ABS C/A;ACESSÓRIOS;18480;1;23/04/2020;LOJ;1;128,30;
BBX;4003;91863;EUD MALET MAQ QUADR SPIKE PTA M ABS C/A;ACESSÓRIOS;55242;1;07/04/2020;LOJ;1;189,50;
BBX;4005;91863;EUD MALET MAQ QUADR SPIKE PTA M ABS C/A;ACESSÓRIOS;44055;1;22/03/2020;VD;1;289,50;
BBX;4006;91863;EUD MALET MAQ QUADR SPIKE PTA M ABS C/A;ACESSÓRIOS;19047;3;06/03/2020;LOJ;1;194,00;
BBX;4007;91863;EUD MALET MAQ QUADR SPIKE PTA M ABS C/A;ACESSÓRIOS;50461;2;19/02/2020;LOJ;1;564,50;
BBX;4008;91863;EUD MALET MAQ QUADR SPIKE PTA M ABS C/A;ACESSÓRIOS;98641;2;03/02/2020;LOJ;1;54,95;
EUD;3000;91884;EUD NECES P/JOIA REDONDA PRATA PVC S/A;ACESSÓRIOS;213754;1;06/02/2020;VD;1;24,11;
EUD;3002;91884;EUD NECES P/JOIA REDONDA PRATA PVC S/A;ACESSÓRIOS;258601;1;22/02/2020;VD;1;469,10;
EUD;3003;91884;EUD NECES P/JOIA REDONDA PRATA PVC S/A;ACESSÓRIOS;121665;1;09/03/2020;VD;1;94,91;
EUD;3005;91884;EUD NECES P/JOIA REDONDA PRATA PVC S/A;ACESSÓRIOS;7687;1;25/03/2020;VD;1;193,70;
EUD;3006;91884;EUD NECES P/JOIA REDONDA PRATA PVC S/A;ACESSÓRIOS;95875;1;10/04/2020;VD;1;54,44;
EUD;3007;91884;EUD NECES P/JOIA REDONDA PRATA PVC S/A;ACESSÓRIOS;38916;2;26/04/2020;VD;1;64,70;
EUD;3000;91884;EUD NECES P/JOIA REDONDA PRATA PVC S/A;ACESSÓRIOS;23727;1;11/05/2020;VD;1;73,00;
EUD;3002;91884;EUD NECES P/JOIA REDONDA PRATA PVC S/A;ACESSÓRIOS;257323;1;25/04/2020;VD;1;128,80;
EUD;3003;91884;EUD NECES P/JOIA REDONDA PRATA PVC S/A;ACESSÓRIOS;638148;1;09/04/2020;VD;1;254,50;
EUD;3004;91884;EUD NECES P/JOIA REDONDA PRATA PVC S/A;ACESSÓRIOS;142725;1;24/03/2020;VD;1;109,50;
EUD;3006;91884;EUD NECES P/JOIA REDONDA PRATA PVC S/A;ACESSÓRIOS;297819;1;08/03/2020;VD;1;204,45;
EUD;3007;91884;EUD NECES P/JOIA REDONDA PRATA PVC S/A;ACESSÓRIOS;3616;2;21/02/2020;VD;1;159,50;
EUD;3008;91884;EUD NECES P/JOIA REDONDA PRATA PVC S/A;ACESSÓRIOS;5974;2;05/02/2020;VD;1;32,05;
BBX;4000;91884;EUD NECES P/JOIA REDONDA PRATA PVC S/A;ACESSÓRIOS;213754;1;06/02/2020;LOJ;1;24,11;
BBX;4002;91884;EUD NECES P/JOIA REDONDA PRATA PVC S/A;ACESSÓRIOS;258601;1;22/02/2020;VD;1;469,10;
BBX;4003;91884;EUD NECES P/JOIA REDONDA PRATA PVC S/A;ACESSÓRIOS;121665;1;09/03/2020;LOJ;1;94,91;
BBX;4005;91884;EUD NECES P/JOIA REDONDA PRATA PVC S/A;ACESSÓRIOS;7687;1;25/03/2020;LOJ;1;193,70;
BBX;4006;91884;EUD NECES P/JOIA REDONDA PRATA PVC S/A;ACESSÓRIOS;95875;1;10/04/2020;VD;1;54,44;
BBX;4007;91884;EUD NECES P/JOIA REDONDA PRATA PVC S/A;ACESSÓRIOS;38916;2;26/04/2020;LOJ;1;64,70;
BBX;4000;91884;EUD NECES P/JOIA REDONDA PRATA PVC S/A;ACESSÓRIOS;23727;1;11/05/2020;LOJ;1;73,00;
BBX;4002;91884;EUD NECES P/JOIA REDONDA PRATA PVC S/A;ACESSÓRIOS;257323;1;25/04/2020;LOJ;1;128,80;
BBX;4003;91884;EUD NECES P/JOIA REDONDA PRATA PVC S/A;ACESSÓRIOS;638148;1;09/04/2020;VD;1;254,50;
BBX;4004;91884;EUD NECES P/JOIA REDONDA PRATA PVC S/A;ACESSÓRIOS;142725;1;24/03/2020;LOJ;1;109,50;
BBX;4006;91884;EUD NECES P/JOIA REDONDA PRATA PVC S/A;ACESSÓRIOS;297819;1;08/03/2020;VD;1;204,45;
BBX;4007;91884;EUD NECES P/JOIA REDONDA PRATA PVC S/A;ACESSÓRIOS;3616;2;21/02/2020;LOJ;1;159,50;
BBX;4008;91884;EUD NECES P/JOIA REDONDA PRATA PVC S/A;ACESSÓRIOS;5974;2;05/02/2020;LOJ;1;32,05;
EUD;3000;92850;SOUL ESPONJA MAQ VELUDO ROSE PU;ACESSÓRIOS;213754;1;09/02/2020;VD;1;39,29;
EUD;3002;92850;SOUL ESPONJA MAQ VELUDO ROSE PU;ACESSÓRIOS;76416;1;25/02/2020;VD;1;12,92;
EUD;3004;92850;SOUL ESPONJA MAQ VELUDO ROSE PU;ACESSÓRIOS;286803;1;12/03/2020;VD;1;104,24;
EUD;3005;92850;SOUL ESPONJA MAQ VELUDO ROSE PU;ACESSÓRIOS;9387;1;28/03/2020;VD;1;46,70;
EUD;3006;92850;SOUL ESPONJA MAQ VELUDO ROSE PU;ACESSÓRIOS;95875;1;13/04/2020;VD;1;461,75;
EUD;3008;92850;SOUL ESPONJA MAQ VELUDO ROSE PU;ACESSÓRIOS;13063;2;29/04/2020;VD;1;201,50;
EUD;3000;92850;SOUL ESPONJA MAQ VELUDO ROSE PU;ACESSÓRIOS;17485;1;08/05/2020;VD;1;72,10;
EUD;3002;92850;SOUL ESPONJA MAQ VELUDO ROSE PU;ACESSÓRIOS;9387;1;22/04/2020;VD;1;128,90;
EUD;3003;92850;SOUL ESPONJA MAQ VELUDO ROSE PU;ACESSÓRIOS;199642;1;06/04/2020;VD;1;254,50;
EUD;3005;92850;SOUL ESPONJA MAQ VELUDO ROSE PU;ACESSÓRIOS;9387;1;21/03/2020;VD;1;124,50;
EUD;3006;92850;SOUL ESPONJA MAQ VELUDO ROSE PU;ACESSÓRIOS;95875;1;05/03/2020;VD;1;110,30;
EUD;3007;92850;SOUL ESPONJA MAQ VELUDO ROSE PU;ACESSÓRIOS;451243;1;18/02/2020;VD;1;484,95;
EUD;3008;92850;SOUL ESPONJA MAQ VELUDO ROSE PU;ACESSÓRIOS;102916;1;02/02/2020;VD;1;204,50;
BBX;4000;92850;SOUL ESPONJA MAQ VELUDO ROSE PU;ACESSÓRIOS;213754;1;09/02/2020;LOJ;1;39,29;
BBX;4002;92850;SOUL ESPONJA MAQ VELUDO ROSE PU;ACESSÓRIOS;76416;1;25/02/2020;VD;1;12,92;
BBX;4004;92850;SOUL ESPONJA MAQ VELUDO ROSE PU;ACESSÓRIOS;286803;1;12/03/2020;LOJ;1;104,24;
BBX;4005;92850;SOUL ESPONJA MAQ VELUDO ROSE PU;ACESSÓRIOS;9387;1;28/03/2020;LOJ;1;46,70;
BBX;4006;92850;SOUL ESPONJA MAQ VELUDO ROSE PU;ACESSÓRIOS;95875;1;13/04/2020;LOJ;1;461,75;
BBX;4008;92850;SOUL ESPONJA MAQ VELUDO ROSE PU;ACESSÓRIOS;13063;2;29/04/2020;LOJ;1;201,50;
BBX;4000;92850;SOUL ESPONJA MAQ VELUDO ROSE PU;ACESSÓRIOS;17485;1;08/05/2020;LOJ;1;72,10;
BBX;4002;92850;SOUL ESPONJA MAQ VELUDO ROSE PU;ACESSÓRIOS;9387;1;22/04/2020;LOJ;1;128,90;
BBX;4003;92850;SOUL ESPONJA MAQ VELUDO ROSE PU;ACESSÓRIOS;199642;1;06/04/2020;LOJ;1;254,50;
BBX;4005;92850;SOUL ESPONJA MAQ VELUDO ROSE PU;ACESSÓRIOS;9387;1;21/03/2020;LOJ;1;124,50;
BBX;4006;92850;SOUL ESPONJA MAQ VELUDO ROSE PU;ACESSÓRIOS;95875;1;05/03/2020;LOJ;1;110,30;
BBX;4007;92850;SOUL ESPONJA MAQ VELUDO ROSE PU;ACESSÓRIOS;451243;1;18/02/2020;LOJ;1;484,95;
BBX;4008;92850;SOUL ESPONJA MAQ VELUDO ROSE PU;ACESSÓRIOS;102916;1;02/02/2020;LOJ;1;204,50;
EUD;3000;92898;EUD BOLSA PRETA MEDIA CHEVRON PU C/A;ACESSÓRIOS;3922;1;04/02/2020;VD;1;36,50;
EUD;3002;92898;EUD BOLSA PRETA MEDIA CHEVRON PU C/A;ACESSÓRIOS;18480;1;20/02/2020;VD;1;72,98;
EUD;3003;92898;EUD BOLSA PRETA MEDIA CHEVRON PU C/A;ACESSÓRIOS;55242;1;07/03/2020;VD;1;109,70;
EUD;3005;92898;EUD BOLSA PRETA MEDIA CHEVRON PU C/A;ACESSÓRIOS;44055;1;23/03/2020;VD;1;23,90;
EUD;3006;92898;EUD BOLSA PRETA MEDIA CHEVRON PU C/A;ACESSÓRIOS;19047;3;08/04/2020;VD;1;112,40;
EUD;3007;92898;EUD BOLSA PRETA MEDIA CHEVRON PU C/A;ACESSÓRIOS;50461;2;24/04/2020;VD;1;334,70;
EUD;3008;92898;EUD BOLSA PRETA MEDIA CHEVRON PU C/A;ACESSÓRIOS;98641;2;10/05/2020;VD;1;28,97;
EUD;3003;92898;EUD BOLSA PRETA MEDIA CHEVRON PU C/A;ACESSÓRIOS;101644;1;27/04/2020;VD;1;110,10;
EUD;3003;92898;EUD BOLSA PRETA MEDIA CHEVRON PU C/A;ACESSÓRIOS;256987;1;11/04/2020;VD;1;99,50;
EUD;3004;92898;EUD BOLSA PRETA MEDIA CHEVRON PU C/A;ACESSÓRIOS;95875;1;26/03/2020;VD;1;389,15;
EUD;3005;92898;EUD BOLSA PRETA MEDIA CHEVRON PU C/A;ACESSÓRIOS;139344;1;10/03/2020;VD;1;28,30;
EUD;3007;92898;EUD BOLSA PRETA MEDIA CHEVRON PU C/A;ACESSÓRIOS;59364;2;23/02/2020;VD;1;211,85;
EUD;3008;92898;EUD BOLSA PRETA MEDIA CHEVRON PU C/A;ACESSÓRIOS;20260;3;07/02/2020;VD;1;166,00;
BBX;4000;92898;EUD BOLSA PRETA MEDIA CHEVRON PU C/A;ACESSÓRIOS;3922;1;04/02/2020;LOJ;1;36,50;
BBX;4002;92898;EUD BOLSA PRETA MEDIA CHEVRON PU C/A;ACESSÓRIOS;18480;1;20/02/2020;LOJ;1;72,98;
BBX;4003;92898;EUD BOLSA PRETA MEDIA CHEVRON PU C/A;ACESSÓRIOS;55242;1;07/03/2020;LOJ;1;109,70;
BBX;4005;92898;EUD BOLSA PRETA MEDIA CHEVRON PU C/A;ACESSÓRIOS;44055;1;23/03/2020;VD;1;169,70;
BBX;4006;92898;EUD BOLSA PRETA MEDIA CHEVRON PU C/A;ACESSÓRIOS;19047;3;08/04/2020;LOJ;1;112,40;
BBX;4007;92898;EUD BOLSA PRETA MEDIA CHEVRON PU C/A;ACESSÓRIOS;50461;2;24/04/2020;LOJ;1;334,70;
BBX;4008;92898;EUD BOLSA PRETA MEDIA CHEVRON PU C/A;ACESSÓRIOS;98641;2;10/05/2020;LOJ;1;28,97;
BBX;4004;92898;EUD BOLSA PRETA MEDIA CHEVRON PU C/A;ACESSÓRIOS;101644;1;27/04/2020;LOJ;1;110,10;
BBX;4003;92898;EUD BOLSA PRETA MEDIA CHEVRON PU C/A;ACESSÓRIOS;256987;1;11/04/2020;LOJ;1;99,50;
BBX;4004;92898;EUD BOLSA PRETA MEDIA CHEVRON PU C/A;ACESSÓRIOS;95875;1;26/03/2020;LOJ;1;389,15;
BBX;4005;92898;EUD BOLSA PRETA MEDIA CHEVRON PU C/A;ACESSÓRIOS;139344;1;10/03/2020;LOJ;1;28,30;
BBX;4007;92898;EUD BOLSA PRETA MEDIA CHEVRON PU C/A;ACESSÓRIOS;59364;2;23/02/2020;LOJ;1;211,85;
BBX;4008;92898;EUD BOLSA PRETA MEDIA CHEVRON PU C/A;ACESSÓRIOS;20260;3;07/02/2020;LOJ;1;166,00;
EUD;3003;93302;REF GLAM BAS LIQ SK/PERF COR 20 30ml;MAQUIAGEM;23727;1;14/02/2020;VD;1;39,80;
EUD;3003;93302;REF GLAM BAS LIQ SK/PERF COR 20 30ml;MAQUIAGEM;12616;1;01/03/2020;VD;1;154,70;
EUD;3004;93302;REF GLAM BAS LIQ SK/PERF COR 20 30ml;MAQUIAGEM;13783;1;17/03/2020;VD;1;9,97;
EUD;3005;93302;REF GLAM BAS LIQ SK/PERF COR 20 30ml;MAQUIAGEM;41230;1;02/04/2020;VD;1;277,70;
EUD;3007;93302;REF GLAM BAS LIQ SK/PERF COR 20 30ml;MAQUIAGEM;113287;1;18/04/2020;VD;1;10,00;
EUD;3008;93302;REF GLAM BAS LIQ SK/PERF COR 20 30ml;MAQUIAGEM;20260;3;04/05/2020;VD;1;122,30;
EUD;3000;93302;REF GLAM BAS LIQ SK/PERF COR 20 30ml;MAQUIAGEM;213754;1;03/05/2020;VD;1;72,15;
EUD;3002;93302;REF GLAM BAS LIQ SK/PERF COR 20 30ml;MAQUIAGEM;22528;1;17/04/2020;VD;1;29,00;
EUD;3004;93302;REF GLAM BAS LIQ SK/PERF COR 20 30ml;MAQUIAGEM;7909;1;01/04/2020;VD;1;53,90;
EUD;3005;93302;REF GLAM BAS LIQ SK/PERF COR 20 30ml;MAQUIAGEM;75990;1;16/03/2020;VD;1;42,50;
EUD;3006;93302;REF GLAM BAS LIQ SK/PERF COR 20 30ml;MAQUIAGEM;38604;1;29/02/2020;VD;1;474,85;
EUD;3008;93302;REF GLAM BAS LIQ SK/PERF COR 20 30ml;MAQUIAGEM;20260;3;13/02/2020;VD;1;100,25;
BBX;4004;93302;REF GLAM BAS LIQ SK/PERF COR 20 30ml;MAQUIAGEM;23727;1;14/02/2020;LOJ;1;39,80;
BBX;4003;93302;REF GLAM BAS LIQ SK/PERF COR 20 30ml;MAQUIAGEM;12616;1;01/03/2020;LOJ;1;154,70;
BBX;4004;93302;REF GLAM BAS LIQ SK/PERF COR 20 30ml;MAQUIAGEM;13783;1;17/03/2020;LOJ;1;31,37;
BBX;4005;93302;REF GLAM BAS LIQ SK/PERF COR 20 30ml;MAQUIAGEM;41230;1;02/04/2020;LOJ;1;277,70;
BBX;4007;93302;REF GLAM BAS LIQ SK/PERF COR 20 30ml;MAQUIAGEM;113287;1;18/04/2020;LOJ;1;20,14;
BBX;4008;93302;REF GLAM BAS LIQ SK/PERF COR 20 30ml;MAQUIAGEM;20260;3;04/05/2020;LOJ;1;122,30;
BBX;4000;93302;REF GLAM BAS LIQ SK/PERF COR 20 30ml;MAQUIAGEM;213754;1;03/05/2020;LOJ;1;72,15;
BBX;4002;93302;REF GLAM BAS LIQ SK/PERF COR 20 30ml;MAQUIAGEM;22528;1;17/04/2020;LOJ;1;29,00;
BBX;4004;93302;REF GLAM BAS LIQ SK/PERF COR 20 30ml;MAQUIAGEM;7909;1;01/04/2020;LOJ;1;53,90;
BBX;4005;93302;REF GLAM BAS LIQ SK/PERF COR 20 30ml;MAQUIAGEM;75990;1;16/03/2020;LOJ;1;42,50;
BBX;4006;93302;REF GLAM BAS LIQ SK/PERF COR 20 30ml;MAQUIAGEM;38604;1;29/02/2020;LOJ;1;474,85;
BBX;4008;93302;REF GLAM BAS LIQ SK/PERF COR 20 30ml;MAQUIAGEM;20260;3;13/02/2020;LOJ;1;100,25;
